ISO-10303-21;
HEADER;
FILE_DESCRIPTION(('Open CASCADE Model'),'2;1');
FILE_NAME('PrintInPlaceHinge','2026-10-01T19:21:35',('Author'),(
    'Open CASCADE'),'Open CASCADE STEP processor 8.0','build123d',
  'Unknown');
FILE_SCHEMA(('AUTOMOTIVE_DESIGN { 1 0 10303 214 1 1 1 1 }'));
ENDSEC;
DATA;
#1 = APPLICATION_PROTOCOL_DEFINITION('international standard',
  'automotive_design',2000,#2);
#2 = APPLICATION_CONTEXT(
  'core data for automotive mechanical design processes');
#3 = SHAPE_DEFINITION_REPRESENTATION(#4,#10);
#4 = PRODUCT_DEFINITION_SHAPE('','',#5);
#5 = PRODUCT_DEFINITION('design','',#6,#9);
#6 = PRODUCT_DEFINITION_FORMATION('','',#7);
#7 = PRODUCT('PrintInPlaceHinge','PrintInPlaceHinge','',(#8));
#8 = PRODUCT_CONTEXT('',#2,'mechanical');
#9 = PRODUCT_DEFINITION_CONTEXT('part definition',#2,'design');
#10 = SHAPE_REPRESENTATION('',(#11,#15,#19),#23);
#11 = AXIS2_PLACEMENT_3D('',#12,#13,#14);
#12 = CARTESIAN_POINT('',(0.,0.,0.));
#13 = DIRECTION('',(0.,0.,1.));
#14 = DIRECTION('',(1.,0.,-0.));
#15 = AXIS2_PLACEMENT_3D('',#16,#17,#18);
#16 = CARTESIAN_POINT('',(0.,0.,0.));
#17 = DIRECTION('',(0.,0.,1.));
#18 = DIRECTION('',(1.,0.,-0.));
#19 = AXIS2_PLACEMENT_3D('',#20,#21,#22);
#20 = CARTESIAN_POINT('',(0.,0.,0.));
#21 = DIRECTION('',(0.,0.,1.));
#22 = DIRECTION('',(1.,0.,-0.));
#23 = ( GEOMETRIC_REPRESENTATION_CONTEXT(3) 
GLOBAL_UNCERTAINTY_ASSIGNED_CONTEXT((#27)) GLOBAL_UNIT_ASSIGNED_CONTEXT(
(#24,#25,#26)) REPRESENTATION_CONTEXT('Context #1',
  '3D Context with UNIT and UNCERTAINTY') );
#24 = ( LENGTH_UNIT() NAMED_UNIT(*) SI_UNIT(.MILLI.,.METRE.) );
#25 = ( NAMED_UNIT(*) PLANE_ANGLE_UNIT() SI_UNIT($,.RADIAN.) );
#26 = ( NAMED_UNIT(*) SI_UNIT($,.STERADIAN.) SOLID_ANGLE_UNIT() );
#27 = UNCERTAINTY_MEASURE_WITH_UNIT(LENGTH_MEASURE(1.E-07),#24,
  'distance_accuracy_value','confusion accuracy');
#28 = PRODUCT_RELATED_PRODUCT_CATEGORY('part',$,(#7));
#29 = SHAPE_DEFINITION_REPRESENTATION(#30,#36);
#30 = PRODUCT_DEFINITION_SHAPE('','',#31);
#31 = PRODUCT_DEFINITION('design','',#32,#35);
#32 = PRODUCT_DEFINITION_FORMATION('','',#33);
#33 = PRODUCT('cylinder_side','cylinder_side','',(#34));
#34 = PRODUCT_CONTEXT('',#2,'mechanical');
#35 = PRODUCT_DEFINITION_CONTEXT('part definition',#2,'design');
#36 = SHAPE_REPRESENTATION('',(#11,#37,#614,#1191),#1764);
#37 = MANIFOLD_SOLID_BREP('',#38);
#38 = CLOSED_SHELL('',(#39,#155,#237,#317,#364,#420,#427,#482,#537,#587)
  );
#39 = ADVANCED_FACE('',(#40),#54,.F.);
#40 = FACE_BOUND('',#41,.F.);
#41 = EDGE_LOOP('',(#42,#77,#103,#131));
#42 = ORIENTED_EDGE('',*,*,#43,.F.);
#43 = EDGE_CURVE('',#44,#46,#48,.T.);
#44 = VERTEX_POINT('',#45);
#45 = CARTESIAN_POINT('',(10.198039027186,24.85,10.));
#46 = VERTEX_POINT('',#47);
#47 = CARTESIAN_POINT('',(10.198039027186,15.15,10.));
#48 = SURFACE_CURVE('',#49,(#53,#65),.PCURVE_S1.);
#49 = LINE('',#50,#51);
#50 = CARTESIAN_POINT('',(10.198039027186,30.,10.));
#51 = VECTOR('',#52,1.);
#52 = DIRECTION('',(0.,-1.,0.));
#53 = PCURVE('',#54,#59);
#54 = PLANE('',#55);
#55 = AXIS2_PLACEMENT_3D('',#56,#57,#58);
#56 = CARTESIAN_POINT('',(10.198039027186,0.,10.));
#57 = DIRECTION('',(0.,-0.,-1.));
#58 = DIRECTION('',(1.,0.,0.));
#59 = DEFINITIONAL_REPRESENTATION('',(#60),#64);
#60 = LINE('',#61,#62);
#61 = CARTESIAN_POINT('',(0.,-30.));
#62 = VECTOR('',#63,1.);
#63 = DIRECTION('',(0.,1.));
#64 = ( GEOMETRIC_REPRESENTATION_CONTEXT(2) 
PARAMETRIC_REPRESENTATION_CONTEXT() REPRESENTATION_CONTEXT('2D SPACE',''
  ) );
#65 = PCURVE('',#66,#71);
#66 = CYLINDRICAL_SURFACE('',#67,10.2);
#67 = AXIS2_PLACEMENT_3D('',#68,#69,#70);
#68 = CARTESIAN_POINT('',(0.,0.,10.2));
#69 = DIRECTION('',(0.,-1.,-0.));
#70 = DIRECTION('',(1.,0.,0.));
#71 = DEFINITIONAL_REPRESENTATION('',(#72),#76);
#72 = LINE('',#73,#74);
#73 = CARTESIAN_POINT('',(-6.302794406964,-30.));
#74 = VECTOR('',#75,1.);
#75 = DIRECTION('',(0.,1.));
#76 = ( GEOMETRIC_REPRESENTATION_CONTEXT(2) 
PARAMETRIC_REPRESENTATION_CONTEXT() REPRESENTATION_CONTEXT('2D SPACE',''
  ) );
#77 = ORIENTED_EDGE('',*,*,#78,.F.);
#78 = EDGE_CURVE('',#79,#44,#81,.T.);
#79 = VERTEX_POINT('',#80);
#80 = CARTESIAN_POINT('',(10.7,24.85,10.));
#81 = SURFACE_CURVE('',#82,(#86,#92),.PCURVE_S1.);
#82 = LINE('',#83,#84);
#83 = CARTESIAN_POINT('',(-0.300980486407,24.85,10.));
#84 = VECTOR('',#85,1.);
#85 = DIRECTION('',(-1.,-0.,0.));
#86 = PCURVE('',#54,#87);
#87 = DEFINITIONAL_REPRESENTATION('',(#88),#91);
#88 = B_SPLINE_CURVE_WITH_KNOTS('',1,(#89,#90),.UNSPECIFIED.,.F.,.F.,(2,
    2),(-11.0009804864,-10.49901951359),.PIECEWISE_BEZIER_KNOTS.);
#89 = CARTESIAN_POINT('',(0.501960972814,-24.85));
#90 = CARTESIAN_POINT('',(0.,-24.85));
#91 = ( GEOMETRIC_REPRESENTATION_CONTEXT(2) 
PARAMETRIC_REPRESENTATION_CONTEXT() REPRESENTATION_CONTEXT('2D SPACE',''
  ) );
#92 = PCURVE('',#93,#98);
#93 = PLANE('',#94);
#94 = AXIS2_PLACEMENT_3D('',#95,#96,#97);
#95 = CARTESIAN_POINT('',(-10.8,24.85,10.2));
#96 = DIRECTION('',(0.,-1.,0.));
#97 = DIRECTION('',(1.,0.,0.));
#98 = DEFINITIONAL_REPRESENTATION('',(#99),#102);
#99 = B_SPLINE_CURVE_WITH_KNOTS('',1,(#100,#101),.UNSPECIFIED.,.F.,.F.,(
    2,2),(-11.0009804864,-10.49901951359),.PIECEWISE_BEZIER_KNOTS.);
#100 = CARTESIAN_POINT('',(21.5,-0.2));
#101 = CARTESIAN_POINT('',(20.998039027186,-0.2));
#102 = ( GEOMETRIC_REPRESENTATION_CONTEXT(2) 
PARAMETRIC_REPRESENTATION_CONTEXT() REPRESENTATION_CONTEXT('2D SPACE',''
  ) );
#103 = ORIENTED_EDGE('',*,*,#104,.F.);
#104 = EDGE_CURVE('',#105,#79,#107,.T.);
#105 = VERTEX_POINT('',#106);
#106 = CARTESIAN_POINT('',(10.7,15.15,10.));
#107 = SURFACE_CURVE('',#108,(#112,#119),.PCURVE_S1.);
#108 = LINE('',#109,#110);
#109 = CARTESIAN_POINT('',(10.7,-30.,10.));
#110 = VECTOR('',#111,1.);
#111 = DIRECTION('',(0.,1.,0.));
#112 = PCURVE('',#54,#113);
#113 = DEFINITIONAL_REPRESENTATION('',(#114),#118);
#114 = LINE('',#115,#116);
#115 = CARTESIAN_POINT('',(0.501960972814,30.));
#116 = VECTOR('',#117,1.);
#117 = DIRECTION('',(0.,-1.));
#118 = ( GEOMETRIC_REPRESENTATION_CONTEXT(2) 
PARAMETRIC_REPRESENTATION_CONTEXT() REPRESENTATION_CONTEXT('2D SPACE',''
  ) );
#119 = PCURVE('',#120,#125);
#120 = PLANE('',#121);
#121 = AXIS2_PLACEMENT_3D('',#122,#123,#124);
#122 = CARTESIAN_POINT('',(10.7,0.,10.));
#123 = DIRECTION('',(-1.,0.,0.));
#124 = DIRECTION('',(0.,0.,-1.));
#125 = DEFINITIONAL_REPRESENTATION('',(#126),#130);
#126 = LINE('',#127,#128);
#127 = CARTESIAN_POINT('',(0.,30.));
#128 = VECTOR('',#129,1.);
#129 = DIRECTION('',(0.,-1.));
#130 = ( GEOMETRIC_REPRESENTATION_CONTEXT(2) 
PARAMETRIC_REPRESENTATION_CONTEXT() REPRESENTATION_CONTEXT('2D SPACE',''
  ) );
#131 = ORIENTED_EDGE('',*,*,#132,.F.);
#132 = EDGE_CURVE('',#46,#105,#133,.T.);
#133 = SURFACE_CURVE('',#134,(#138,#144),.PCURVE_S1.);
#134 = LINE('',#135,#136);
#135 = CARTESIAN_POINT('',(10.499019513593,15.15,10.));
#136 = VECTOR('',#137,1.);
#137 = DIRECTION('',(1.,0.,0.));
#138 = PCURVE('',#54,#139);
#139 = DEFINITIONAL_REPRESENTATION('',(#140),#143);
#140 = B_SPLINE_CURVE_WITH_KNOTS('',1,(#141,#142),.UNSPECIFIED.,.F.,.F.,
  (2,2),(-0.300980486407,0.200980486407),.PIECEWISE_BEZIER_KNOTS.);
#141 = CARTESIAN_POINT('',(0.,-15.15));
#142 = CARTESIAN_POINT('',(0.501960972814,-15.15));
#143 = ( GEOMETRIC_REPRESENTATION_CONTEXT(2) 
PARAMETRIC_REPRESENTATION_CONTEXT() REPRESENTATION_CONTEXT('2D SPACE',''
  ) );
#144 = PCURVE('',#145,#150);
#145 = PLANE('',#146);
#146 = AXIS2_PLACEMENT_3D('',#147,#148,#149);
#147 = CARTESIAN_POINT('',(10.8,15.15,10.2));
#148 = DIRECTION('',(0.,1.,-0.));
#149 = DIRECTION('',(-1.,0.,0.));
#150 = DEFINITIONAL_REPRESENTATION('',(#151),#154);
#151 = B_SPLINE_CURVE_WITH_KNOTS('',1,(#152,#153),.UNSPECIFIED.,.F.,.F.,
  (2,2),(-0.300980486407,0.200980486407),.PIECEWISE_BEZIER_KNOTS.);
#152 = CARTESIAN_POINT('',(0.601960972814,-0.2));
#153 = CARTESIAN_POINT('',(1.E-01,-0.2));
#154 = ( GEOMETRIC_REPRESENTATION_CONTEXT(2) 
PARAMETRIC_REPRESENTATION_CONTEXT() REPRESENTATION_CONTEXT('2D SPACE',''
  ) );
#155 = ADVANCED_FACE('',(#156),#66,.T.);
#156 = FACE_BOUND('',#157,.F.);
#157 = EDGE_LOOP('',(#158,#188,#210,#211));
#158 = ORIENTED_EDGE('',*,*,#159,.F.);
#159 = EDGE_CURVE('',#160,#162,#164,.T.);
#160 = VERTEX_POINT('',#161);
#161 = CARTESIAN_POINT('',(3.122849337826E-16,24.85,0.));
#162 = VERTEX_POINT('',#163);
#163 = CARTESIAN_POINT('',(3.122849337826E-16,15.15,0.));
#164 = SURFACE_CURVE('',#165,(#169,#176),.PCURVE_S1.);
#165 = LINE('',#166,#167);
#166 = CARTESIAN_POINT('',(3.122849337826E-16,30.,0.));
#167 = VECTOR('',#168,1.);
#168 = DIRECTION('',(0.,-1.,0.));
#169 = PCURVE('',#66,#170);
#170 = DEFINITIONAL_REPRESENTATION('',(#171),#175);
#171 = LINE('',#172,#173);
#172 = CARTESIAN_POINT('',(-1.570796326795,-30.));
#173 = VECTOR('',#174,1.);
#174 = DIRECTION('',(0.,1.));
#175 = ( GEOMETRIC_REPRESENTATION_CONTEXT(2) 
PARAMETRIC_REPRESENTATION_CONTEXT() REPRESENTATION_CONTEXT('2D SPACE',''
  ) );
#176 = PCURVE('',#177,#182);
#177 = PLANE('',#178);
#178 = AXIS2_PLACEMENT_3D('',#179,#180,#181);
#179 = CARTESIAN_POINT('',(10.7,0.,0.));
#180 = DIRECTION('',(0.,0.,1.));
#181 = DIRECTION('',(-1.,0.,0.));
#182 = DEFINITIONAL_REPRESENTATION('',(#183),#187);
#183 = LINE('',#184,#185);
#184 = CARTESIAN_POINT('',(10.7,-30.));
#185 = VECTOR('',#186,1.);
#186 = DIRECTION('',(0.,1.));
#187 = ( GEOMETRIC_REPRESENTATION_CONTEXT(2) 
PARAMETRIC_REPRESENTATION_CONTEXT() REPRESENTATION_CONTEXT('2D SPACE',''
  ) );
#188 = ORIENTED_EDGE('',*,*,#189,.F.);
#189 = EDGE_CURVE('',#44,#160,#190,.T.);
#190 = SURFACE_CURVE('',#191,(#196,#203),.PCURVE_S1.);
#191 = CIRCLE('',#192,10.2);
#192 = AXIS2_PLACEMENT_3D('',#193,#194,#195);
#193 = CARTESIAN_POINT('',(0.,24.85,10.2));
#194 = DIRECTION('',(0.,-1.,-0.));
#195 = DIRECTION('',(1.,0.,0.));
#196 = PCURVE('',#66,#197);
#197 = DEFINITIONAL_REPRESENTATION('',(#198),#202);
#198 = LINE('',#199,#200);
#199 = CARTESIAN_POINT('',(-12.56637061435,-24.85));
#200 = VECTOR('',#201,1.);
#201 = DIRECTION('',(1.,-0.));
#202 = ( GEOMETRIC_REPRESENTATION_CONTEXT(2) 
PARAMETRIC_REPRESENTATION_CONTEXT() REPRESENTATION_CONTEXT('2D SPACE',''
  ) );
#203 = PCURVE('',#93,#204);
#204 = DEFINITIONAL_REPRESENTATION('',(#205),#209);
#205 = CIRCLE('',#206,10.2);
#206 = AXIS2_PLACEMENT_2D('',#207,#208);
#207 = CARTESIAN_POINT('',(10.8,0.));
#208 = DIRECTION('',(1.,0.));
#209 = ( GEOMETRIC_REPRESENTATION_CONTEXT(2) 
PARAMETRIC_REPRESENTATION_CONTEXT() REPRESENTATION_CONTEXT('2D SPACE',''
  ) );
#210 = ORIENTED_EDGE('',*,*,#43,.T.);
#211 = ORIENTED_EDGE('',*,*,#212,.T.);
#212 = EDGE_CURVE('',#46,#162,#213,.T.);
#213 = SURFACE_CURVE('',#214,(#219,#226),.PCURVE_S1.);
#214 = CIRCLE('',#215,10.2);
#215 = AXIS2_PLACEMENT_3D('',#216,#217,#218);
#216 = CARTESIAN_POINT('',(0.,15.15,10.2));
#217 = DIRECTION('',(0.,-1.,-0.));
#218 = DIRECTION('',(1.,0.,0.));
#219 = PCURVE('',#66,#220);
#220 = DEFINITIONAL_REPRESENTATION('',(#221),#225);
#221 = LINE('',#222,#223);
#222 = CARTESIAN_POINT('',(-12.56637061435,-15.15));
#223 = VECTOR('',#224,1.);
#224 = DIRECTION('',(1.,-0.));
#225 = ( GEOMETRIC_REPRESENTATION_CONTEXT(2) 
PARAMETRIC_REPRESENTATION_CONTEXT() REPRESENTATION_CONTEXT('2D SPACE',''
  ) );
#226 = PCURVE('',#145,#227);
#227 = DEFINITIONAL_REPRESENTATION('',(#228),#236);
#228 = ( BOUNDED_CURVE() B_SPLINE_CURVE(2,(#229,#230,#231,#232,#233,#234
,#235),.UNSPECIFIED.,.T.,.F.) B_SPLINE_CURVE_WITH_KNOTS((1,2,2,2,2,1),(
    -2.094395102393,0.,2.094395102393,4.188790204786,6.28318530718,
8.377580409573),.UNSPECIFIED.) CURVE() GEOMETRIC_REPRESENTATION_ITEM() 
RATIONAL_B_SPLINE_CURVE((1.,0.5,1.,0.5,1.,0.5,1.)) REPRESENTATION_ITEM(
  '') );
#229 = CARTESIAN_POINT('',(0.6,0.));
#230 = CARTESIAN_POINT('',(0.6,17.666918237203));
#231 = CARTESIAN_POINT('',(15.9,8.833459118601));
#232 = CARTESIAN_POINT('',(31.2,2.498279470261E-15));
#233 = CARTESIAN_POINT('',(15.9,-8.833459118601));
#234 = CARTESIAN_POINT('',(0.6,-17.6669182372));
#235 = CARTESIAN_POINT('',(0.6,0.));
#236 = ( GEOMETRIC_REPRESENTATION_CONTEXT(2) 
PARAMETRIC_REPRESENTATION_CONTEXT() REPRESENTATION_CONTEXT('2D SPACE',''
  ) );
#237 = ADVANCED_FACE('',(#238,#282),#145,.F.);
#238 = FACE_BOUND('',#239,.F.);
#239 = EDGE_LOOP('',(#240,#241,#242,#263));
#240 = ORIENTED_EDGE('',*,*,#212,.F.);
#241 = ORIENTED_EDGE('',*,*,#132,.T.);
#242 = ORIENTED_EDGE('',*,*,#243,.T.);
#243 = EDGE_CURVE('',#105,#244,#246,.T.);
#244 = VERTEX_POINT('',#245);
#245 = CARTESIAN_POINT('',(10.7,15.15,0.));
#246 = SURFACE_CURVE('',#247,(#251,#257),.PCURVE_S1.);
#247 = LINE('',#248,#249);
#248 = CARTESIAN_POINT('',(10.7,15.15,10.1));
#249 = VECTOR('',#250,1.);
#250 = DIRECTION('',(-0.,0.,-1.));
#251 = PCURVE('',#145,#252);
#252 = DEFINITIONAL_REPRESENTATION('',(#253),#256);
#253 = B_SPLINE_CURVE_WITH_KNOTS('',1,(#254,#255),.UNSPECIFIED.,.F.,.F.,
  (2,2),(0.1,10.1),.PIECEWISE_BEZIER_KNOTS.);
#254 = CARTESIAN_POINT('',(1.E-01,-0.2));
#255 = CARTESIAN_POINT('',(1.E-01,-10.2));
#256 = ( GEOMETRIC_REPRESENTATION_CONTEXT(2) 
PARAMETRIC_REPRESENTATION_CONTEXT() REPRESENTATION_CONTEXT('2D SPACE',''
  ) );
#257 = PCURVE('',#120,#258);
#258 = DEFINITIONAL_REPRESENTATION('',(#259),#262);
#259 = B_SPLINE_CURVE_WITH_KNOTS('',1,(#260,#261),.UNSPECIFIED.,.F.,.F.,
  (2,2),(0.1,10.1),.PIECEWISE_BEZIER_KNOTS.);
#260 = CARTESIAN_POINT('',(0.,-15.15));
#261 = CARTESIAN_POINT('',(10.,-15.15));
#262 = ( GEOMETRIC_REPRESENTATION_CONTEXT(2) 
PARAMETRIC_REPRESENTATION_CONTEXT() REPRESENTATION_CONTEXT('2D SPACE',''
  ) );
#263 = ORIENTED_EDGE('',*,*,#264,.T.);
#264 = EDGE_CURVE('',#244,#162,#265,.T.);
#265 = SURFACE_CURVE('',#266,(#270,#276),.PCURVE_S1.);
#266 = LINE('',#267,#268);
#267 = CARTESIAN_POINT('',(10.75,15.15,0.));
#268 = VECTOR('',#269,1.);
#269 = DIRECTION('',(-1.,0.,0.));
#270 = PCURVE('',#145,#271);
#271 = DEFINITIONAL_REPRESENTATION('',(#272),#275);
#272 = B_SPLINE_CURVE_WITH_KNOTS('',1,(#273,#274),.UNSPECIFIED.,.F.,.F.,
  (2,2),(5.E-02,10.75),.PIECEWISE_BEZIER_KNOTS.);
#273 = CARTESIAN_POINT('',(1.E-01,-10.2));
#274 = CARTESIAN_POINT('',(10.8,-10.2));
#275 = ( GEOMETRIC_REPRESENTATION_CONTEXT(2) 
PARAMETRIC_REPRESENTATION_CONTEXT() REPRESENTATION_CONTEXT('2D SPACE',''
  ) );
#276 = PCURVE('',#177,#277);
#277 = DEFINITIONAL_REPRESENTATION('',(#278),#281);
#278 = B_SPLINE_CURVE_WITH_KNOTS('',1,(#279,#280),.UNSPECIFIED.,.F.,.F.,
  (2,2),(5.E-02,10.75),.PIECEWISE_BEZIER_KNOTS.);
#279 = CARTESIAN_POINT('',(0.,-15.15));
#280 = CARTESIAN_POINT('',(10.7,-15.15));
#281 = ( GEOMETRIC_REPRESENTATION_CONTEXT(2) 
PARAMETRIC_REPRESENTATION_CONTEXT() REPRESENTATION_CONTEXT('2D SPACE',''
  ) );
#282 = FACE_BOUND('',#283,.F.);
#283 = EDGE_LOOP('',(#284));
#284 = ORIENTED_EDGE('',*,*,#285,.T.);
#285 = EDGE_CURVE('',#286,#286,#288,.T.);
#286 = VERTEX_POINT('',#287);
#287 = CARTESIAN_POINT('',(4.4,15.15,10.2));
#288 = SURFACE_CURVE('',#289,(#294,#305),.PCURVE_S1.);
#289 = CIRCLE('',#290,4.4);
#290 = AXIS2_PLACEMENT_3D('',#291,#292,#293);
#291 = CARTESIAN_POINT('',(0.,15.15,10.2));
#292 = DIRECTION('',(-0.,-1.,0.));
#293 = DIRECTION('',(1.,-0.,0.));
#294 = PCURVE('',#145,#295);
#295 = DEFINITIONAL_REPRESENTATION('',(#296),#304);
#296 = ( BOUNDED_CURVE() B_SPLINE_CURVE(2,(#297,#298,#299,#300,#301,#302
,#303),.UNSPECIFIED.,.T.,.F.) B_SPLINE_CURVE_WITH_KNOTS((1,2,2,2,2,1),(
    -2.094395102393,0.,2.094395102393,4.188790204786,6.28318530718,
8.377580409573),.UNSPECIFIED.) CURVE() GEOMETRIC_REPRESENTATION_ITEM() 
RATIONAL_B_SPLINE_CURVE((1.,0.5,1.,0.5,1.,0.5,1.)) REPRESENTATION_ITEM(
  '') );
#297 = CARTESIAN_POINT('',(6.4,0.));
#298 = CARTESIAN_POINT('',(6.4,7.621023553303));
#299 = CARTESIAN_POINT('',(13.,3.810511776652));
#300 = CARTESIAN_POINT('',(19.6,1.07768918325E-15));
#301 = CARTESIAN_POINT('',(13.,-3.810511776652));
#302 = CARTESIAN_POINT('',(6.4,-7.621023553303));
#303 = CARTESIAN_POINT('',(6.4,0.));
#304 = ( GEOMETRIC_REPRESENTATION_CONTEXT(2) 
PARAMETRIC_REPRESENTATION_CONTEXT() REPRESENTATION_CONTEXT('2D SPACE',''
  ) );
#305 = PCURVE('',#306,#311);
#306 = CYLINDRICAL_SURFACE('',#307,4.4);
#307 = AXIS2_PLACEMENT_3D('',#308,#309,#310);
#308 = CARTESIAN_POINT('',(0.,15.874264068712,10.2));
#309 = DIRECTION('',(-0.,-1.,-0.));
#310 = DIRECTION('',(1.,-0.,0.));
#311 = DEFINITIONAL_REPRESENTATION('',(#312),#316);
#312 = LINE('',#313,#314);
#313 = CARTESIAN_POINT('',(0.,0.724264068712));
#314 = VECTOR('',#315,1.);
#315 = DIRECTION('',(1.,0.));
#316 = ( GEOMETRIC_REPRESENTATION_CONTEXT(2) 
PARAMETRIC_REPRESENTATION_CONTEXT() REPRESENTATION_CONTEXT('2D SPACE',''
  ) );
#317 = ADVANCED_FACE('',(#318),#120,.F.);
#318 = FACE_BOUND('',#319,.F.);
#319 = EDGE_LOOP('',(#320,#321,#342,#363));
#320 = ORIENTED_EDGE('',*,*,#104,.T.);
#321 = ORIENTED_EDGE('',*,*,#322,.F.);
#322 = EDGE_CURVE('',#323,#79,#325,.T.);
#323 = VERTEX_POINT('',#324);
#324 = CARTESIAN_POINT('',(10.7,24.85,0.));
#325 = SURFACE_CURVE('',#326,(#330,#336),.PCURVE_S1.);
#326 = LINE('',#327,#328);
#327 = CARTESIAN_POINT('',(10.7,24.85,10.1));
#328 = VECTOR('',#329,1.);
#329 = DIRECTION('',(0.,0.,1.));
#330 = PCURVE('',#120,#331);
#331 = DEFINITIONAL_REPRESENTATION('',(#332),#335);
#332 = B_SPLINE_CURVE_WITH_KNOTS('',1,(#333,#334),.UNSPECIFIED.,.F.,.F.,
  (2,2),(-10.1,-0.1),.PIECEWISE_BEZIER_KNOTS.);
#333 = CARTESIAN_POINT('',(10.,-24.85));
#334 = CARTESIAN_POINT('',(0.,-24.85));
#335 = ( GEOMETRIC_REPRESENTATION_CONTEXT(2) 
PARAMETRIC_REPRESENTATION_CONTEXT() REPRESENTATION_CONTEXT('2D SPACE',''
  ) );
#336 = PCURVE('',#93,#337);
#337 = DEFINITIONAL_REPRESENTATION('',(#338),#341);
#338 = B_SPLINE_CURVE_WITH_KNOTS('',1,(#339,#340),.UNSPECIFIED.,.F.,.F.,
  (2,2),(-10.1,-0.1),.PIECEWISE_BEZIER_KNOTS.);
#339 = CARTESIAN_POINT('',(21.5,-10.2));
#340 = CARTESIAN_POINT('',(21.5,-0.2));
#341 = ( GEOMETRIC_REPRESENTATION_CONTEXT(2) 
PARAMETRIC_REPRESENTATION_CONTEXT() REPRESENTATION_CONTEXT('2D SPACE',''
  ) );
#342 = ORIENTED_EDGE('',*,*,#343,.F.);
#343 = EDGE_CURVE('',#244,#323,#344,.T.);
#344 = SURFACE_CURVE('',#345,(#349,#356),.PCURVE_S1.);
#345 = LINE('',#346,#347);
#346 = CARTESIAN_POINT('',(10.7,-30.,0.));
#347 = VECTOR('',#348,1.);
#348 = DIRECTION('',(0.,1.,0.));
#349 = PCURVE('',#120,#350);
#350 = DEFINITIONAL_REPRESENTATION('',(#351),#355);
#351 = LINE('',#352,#353);
#352 = CARTESIAN_POINT('',(10.,30.));
#353 = VECTOR('',#354,1.);
#354 = DIRECTION('',(0.,-1.));
#355 = ( GEOMETRIC_REPRESENTATION_CONTEXT(2) 
PARAMETRIC_REPRESENTATION_CONTEXT() REPRESENTATION_CONTEXT('2D SPACE',''
  ) );
#356 = PCURVE('',#177,#357);
#357 = DEFINITIONAL_REPRESENTATION('',(#358),#362);
#358 = LINE('',#359,#360);
#359 = CARTESIAN_POINT('',(0.,30.));
#360 = VECTOR('',#361,1.);
#361 = DIRECTION('',(0.,-1.));
#362 = ( GEOMETRIC_REPRESENTATION_CONTEXT(2) 
PARAMETRIC_REPRESENTATION_CONTEXT() REPRESENTATION_CONTEXT('2D SPACE',''
  ) );
#363 = ORIENTED_EDGE('',*,*,#243,.F.);
#364 = ADVANCED_FACE('',(#365,#389),#93,.F.);
#365 = FACE_BOUND('',#366,.F.);
#366 = EDGE_LOOP('',(#367,#368,#369,#370));
#367 = ORIENTED_EDGE('',*,*,#322,.T.);
#368 = ORIENTED_EDGE('',*,*,#78,.T.);
#369 = ORIENTED_EDGE('',*,*,#189,.T.);
#370 = ORIENTED_EDGE('',*,*,#371,.T.);
#371 = EDGE_CURVE('',#160,#323,#372,.T.);
#372 = SURFACE_CURVE('',#373,(#377,#383),.PCURVE_S1.);
#373 = LINE('',#374,#375);
#374 = CARTESIAN_POINT('',(-5.E-02,24.85,0.));
#375 = VECTOR('',#376,1.);
#376 = DIRECTION('',(1.,0.,-0.));
#377 = PCURVE('',#93,#378);
#378 = DEFINITIONAL_REPRESENTATION('',(#379),#382);
#379 = B_SPLINE_CURVE_WITH_KNOTS('',1,(#380,#381),.UNSPECIFIED.,.F.,.F.,
  (2,2),(5.E-02,10.75),.PIECEWISE_BEZIER_KNOTS.);
#380 = CARTESIAN_POINT('',(10.8,-10.2));
#381 = CARTESIAN_POINT('',(21.5,-10.2));
#382 = ( GEOMETRIC_REPRESENTATION_CONTEXT(2) 
PARAMETRIC_REPRESENTATION_CONTEXT() REPRESENTATION_CONTEXT('2D SPACE',''
  ) );
#383 = PCURVE('',#177,#384);
#384 = DEFINITIONAL_REPRESENTATION('',(#385),#388);
#385 = B_SPLINE_CURVE_WITH_KNOTS('',1,(#386,#387),.UNSPECIFIED.,.F.,.F.,
  (2,2),(5.E-02,10.75),.PIECEWISE_BEZIER_KNOTS.);
#386 = CARTESIAN_POINT('',(10.7,-24.85));
#387 = CARTESIAN_POINT('',(0.,-24.85));
#388 = ( GEOMETRIC_REPRESENTATION_CONTEXT(2) 
PARAMETRIC_REPRESENTATION_CONTEXT() REPRESENTATION_CONTEXT('2D SPACE',''
  ) );
#389 = FACE_BOUND('',#390,.F.);
#390 = EDGE_LOOP('',(#391));
#391 = ORIENTED_EDGE('',*,*,#392,.F.);
#392 = EDGE_CURVE('',#393,#393,#395,.T.);
#393 = VERTEX_POINT('',#394);
#394 = CARTESIAN_POINT('',(4.4,24.85,10.2));
#395 = SURFACE_CURVE('',#396,(#401,#408),.PCURVE_S1.);
#396 = CIRCLE('',#397,4.4);
#397 = AXIS2_PLACEMENT_3D('',#398,#399,#400);
#398 = CARTESIAN_POINT('',(0.,24.85,10.2));
#399 = DIRECTION('',(-0.,-1.,0.));
#400 = DIRECTION('',(1.,-0.,0.));
#401 = PCURVE('',#93,#402);
#402 = DEFINITIONAL_REPRESENTATION('',(#403),#407);
#403 = CIRCLE('',#404,4.4);
#404 = AXIS2_PLACEMENT_2D('',#405,#406);
#405 = CARTESIAN_POINT('',(10.8,0.));
#406 = DIRECTION('',(1.,0.));
#407 = ( GEOMETRIC_REPRESENTATION_CONTEXT(2) 
PARAMETRIC_REPRESENTATION_CONTEXT() REPRESENTATION_CONTEXT('2D SPACE',''
  ) );
#408 = PCURVE('',#409,#414);
#409 = CYLINDRICAL_SURFACE('',#410,4.4);
#410 = AXIS2_PLACEMENT_3D('',#411,#412,#413);
#411 = CARTESIAN_POINT('',(0.,27.983333333333,10.2));
#412 = DIRECTION('',(-0.,-1.,-0.));
#413 = DIRECTION('',(1.,-0.,0.));
#414 = DEFINITIONAL_REPRESENTATION('',(#415),#419);
#415 = LINE('',#416,#417);
#416 = CARTESIAN_POINT('',(0.,3.133333333333));
#417 = VECTOR('',#418,1.);
#418 = DIRECTION('',(1.,0.));
#419 = ( GEOMETRIC_REPRESENTATION_CONTEXT(2) 
PARAMETRIC_REPRESENTATION_CONTEXT() REPRESENTATION_CONTEXT('2D SPACE',''
  ) );
#420 = ADVANCED_FACE('',(#421),#177,.F.);
#421 = FACE_BOUND('',#422,.F.);
#422 = EDGE_LOOP('',(#423,#424,#425,#426));
#423 = ORIENTED_EDGE('',*,*,#343,.T.);
#424 = ORIENTED_EDGE('',*,*,#371,.F.);
#425 = ORIENTED_EDGE('',*,*,#159,.T.);
#426 = ORIENTED_EDGE('',*,*,#264,.F.);
#427 = ADVANCED_FACE('',(#428),#306,.F.);
#428 = FACE_BOUND('',#429,.F.);
#429 = EDGE_LOOP('',(#430,#453,#480,#481));
#430 = ORIENTED_EDGE('',*,*,#431,.F.);
#431 = EDGE_CURVE('',#432,#286,#434,.T.);
#432 = VERTEX_POINT('',#433);
#433 = CARTESIAN_POINT('',(4.4,15.874264068712,10.2));
#434 = SEAM_CURVE('',#435,(#439,#446),.PCURVE_S1.);
#435 = LINE('',#436,#437);
#436 = CARTESIAN_POINT('',(4.4,15.874264068712,10.2));
#437 = VECTOR('',#438,1.);
#438 = DIRECTION('',(0.,-1.,0.));
#439 = PCURVE('',#306,#440);
#440 = DEFINITIONAL_REPRESENTATION('',(#441),#445);
#441 = LINE('',#442,#443);
#442 = CARTESIAN_POINT('',(0.,0.));
#443 = VECTOR('',#444,1.);
#444 = DIRECTION('',(0.,1.));
#445 = ( GEOMETRIC_REPRESENTATION_CONTEXT(2) 
PARAMETRIC_REPRESENTATION_CONTEXT() REPRESENTATION_CONTEXT('2D SPACE',''
  ) );
#446 = PCURVE('',#306,#447);
#447 = DEFINITIONAL_REPRESENTATION('',(#448),#452);
#448 = LINE('',#449,#450);
#449 = CARTESIAN_POINT('',(6.28318530718,0.));
#450 = VECTOR('',#451,1.);
#451 = DIRECTION('',(0.,1.));
#452 = ( GEOMETRIC_REPRESENTATION_CONTEXT(2) 
PARAMETRIC_REPRESENTATION_CONTEXT() REPRESENTATION_CONTEXT('2D SPACE',''
  ) );
#453 = ORIENTED_EDGE('',*,*,#454,.T.);
#454 = EDGE_CURVE('',#432,#432,#455,.T.);
#455 = SURFACE_CURVE('',#456,(#461,#468),.PCURVE_S1.);
#456 = CIRCLE('',#457,4.4);
#457 = AXIS2_PLACEMENT_3D('',#458,#459,#460);
#458 = CARTESIAN_POINT('',(0.,15.874264068712,10.2));
#459 = DIRECTION('',(-0.,-1.,0.));
#460 = DIRECTION('',(1.,-0.,0.));
#461 = PCURVE('',#306,#462);
#462 = DEFINITIONAL_REPRESENTATION('',(#463),#467);
#463 = LINE('',#464,#465);
#464 = CARTESIAN_POINT('',(0.,0.));
#465 = VECTOR('',#466,1.);
#466 = DIRECTION('',(1.,0.));
#467 = ( GEOMETRIC_REPRESENTATION_CONTEXT(2) 
PARAMETRIC_REPRESENTATION_CONTEXT() REPRESENTATION_CONTEXT('2D SPACE',''
  ) );
#468 = PCURVE('',#469,#474);
#469 = CONICAL_SURFACE('',#470,0.,0.785398163397);
#470 = AXIS2_PLACEMENT_3D('',#471,#472,#473);
#471 = CARTESIAN_POINT('',(0.,20.274264068712,10.2));
#472 = DIRECTION('',(-0.,-1.,-0.));
#473 = DIRECTION('',(1.,-0.,0.));
#474 = DEFINITIONAL_REPRESENTATION('',(#475),#479);
#475 = LINE('',#476,#477);
#476 = CARTESIAN_POINT('',(0.,4.4));
#477 = VECTOR('',#478,1.);
#478 = DIRECTION('',(1.,0.));
#479 = ( GEOMETRIC_REPRESENTATION_CONTEXT(2) 
PARAMETRIC_REPRESENTATION_CONTEXT() REPRESENTATION_CONTEXT('2D SPACE',''
  ) );
#480 = ORIENTED_EDGE('',*,*,#431,.T.);
#481 = ORIENTED_EDGE('',*,*,#285,.F.);
#482 = ADVANCED_FACE('',(#483),#409,.F.);
#483 = FACE_BOUND('',#484,.F.);
#484 = EDGE_LOOP('',(#485,#486,#509,#536));
#485 = ORIENTED_EDGE('',*,*,#392,.T.);
#486 = ORIENTED_EDGE('',*,*,#487,.T.);
#487 = EDGE_CURVE('',#393,#488,#490,.T.);
#488 = VERTEX_POINT('',#489);
#489 = CARTESIAN_POINT('',(4.4,24.525735931288,10.2));
#490 = SEAM_CURVE('',#491,(#495,#502),.PCURVE_S1.);
#491 = LINE('',#492,#493);
#492 = CARTESIAN_POINT('',(4.4,27.983333333333,10.2));
#493 = VECTOR('',#494,1.);
#494 = DIRECTION('',(0.,-1.,0.));
#495 = PCURVE('',#409,#496);
#496 = DEFINITIONAL_REPRESENTATION('',(#497),#501);
#497 = LINE('',#498,#499);
#498 = CARTESIAN_POINT('',(0.,0.));
#499 = VECTOR('',#500,1.);
#500 = DIRECTION('',(0.,1.));
#501 = ( GEOMETRIC_REPRESENTATION_CONTEXT(2) 
PARAMETRIC_REPRESENTATION_CONTEXT() REPRESENTATION_CONTEXT('2D SPACE',''
  ) );
#502 = PCURVE('',#409,#503);
#503 = DEFINITIONAL_REPRESENTATION('',(#504),#508);
#504 = LINE('',#505,#506);
#505 = CARTESIAN_POINT('',(6.28318530718,0.));
#506 = VECTOR('',#507,1.);
#507 = DIRECTION('',(0.,1.));
#508 = ( GEOMETRIC_REPRESENTATION_CONTEXT(2) 
PARAMETRIC_REPRESENTATION_CONTEXT() REPRESENTATION_CONTEXT('2D SPACE',''
  ) );
#509 = ORIENTED_EDGE('',*,*,#510,.F.);
#510 = EDGE_CURVE('',#488,#488,#511,.T.);
#511 = SURFACE_CURVE('',#512,(#517,#524),.PCURVE_S1.);
#512 = CIRCLE('',#513,4.4);
#513 = AXIS2_PLACEMENT_3D('',#514,#515,#516);
#514 = CARTESIAN_POINT('',(0.,24.525735931288,10.2));
#515 = DIRECTION('',(-0.,-1.,0.));
#516 = DIRECTION('',(1.,-0.,0.));
#517 = PCURVE('',#409,#518);
#518 = DEFINITIONAL_REPRESENTATION('',(#519),#523);
#519 = LINE('',#520,#521);
#520 = CARTESIAN_POINT('',(0.,3.457597402045));
#521 = VECTOR('',#522,1.);
#522 = DIRECTION('',(1.,0.));
#523 = ( GEOMETRIC_REPRESENTATION_CONTEXT(2) 
PARAMETRIC_REPRESENTATION_CONTEXT() REPRESENTATION_CONTEXT('2D SPACE',''
  ) );
#524 = PCURVE('',#525,#530);
#525 = CONICAL_SURFACE('',#526,4.4,0.785398163397);
#526 = AXIS2_PLACEMENT_3D('',#527,#528,#529);
#527 = CARTESIAN_POINT('',(0.,24.525735931288,10.2));
#528 = DIRECTION('',(0.,1.,0.));
#529 = DIRECTION('',(1.,-0.,0.));
#530 = DEFINITIONAL_REPRESENTATION('',(#531),#535);
#531 = LINE('',#532,#533);
#532 = CARTESIAN_POINT('',(-0.,-0.));
#533 = VECTOR('',#534,1.);
#534 = DIRECTION('',(-1.,-0.));
#535 = ( GEOMETRIC_REPRESENTATION_CONTEXT(2) 
PARAMETRIC_REPRESENTATION_CONTEXT() REPRESENTATION_CONTEXT('2D SPACE',''
  ) );
#536 = ORIENTED_EDGE('',*,*,#487,.F.);
#537 = ADVANCED_FACE('',(#538),#469,.F.);
#538 = FACE_BOUND('',#539,.F.);
#539 = EDGE_LOOP('',(#540,#564,#585,#586));
#540 = ORIENTED_EDGE('',*,*,#541,.T.);
#541 = EDGE_CURVE('',#542,#542,#544,.T.);
#542 = VERTEX_POINT('',#543);
#543 = CARTESIAN_POINT('',(7.426406871193E-02,20.2,10.2));
#544 = SURFACE_CURVE('',#545,(#550,#557),.PCURVE_S1.);
#545 = CIRCLE('',#546,7.426406871193E-02);
#546 = AXIS2_PLACEMENT_3D('',#547,#548,#549);
#547 = CARTESIAN_POINT('',(0.,20.2,10.2));
#548 = DIRECTION('',(0.,-1.,-0.));
#549 = DIRECTION('',(0.,0.,-1.));
#550 = PCURVE('',#469,#551);
#551 = DEFINITIONAL_REPRESENTATION('',(#552),#556);
#552 = LINE('',#553,#554);
#553 = CARTESIAN_POINT('',(-1.570796326795,7.426406871193E-02));
#554 = VECTOR('',#555,1.);
#555 = DIRECTION('',(1.,0.));
#556 = ( GEOMETRIC_REPRESENTATION_CONTEXT(2) 
PARAMETRIC_REPRESENTATION_CONTEXT() REPRESENTATION_CONTEXT('2D SPACE',''
  ) );
#557 = PCURVE('',#525,#558);
#558 = DEFINITIONAL_REPRESENTATION('',(#559),#563);
#559 = LINE('',#560,#561);
#560 = CARTESIAN_POINT('',(1.570796326795,-4.325735931288));
#561 = VECTOR('',#562,1.);
#562 = DIRECTION('',(-1.,-0.));
#563 = ( GEOMETRIC_REPRESENTATION_CONTEXT(2) 
PARAMETRIC_REPRESENTATION_CONTEXT() REPRESENTATION_CONTEXT('2D SPACE',''
  ) );
#564 = ORIENTED_EDGE('',*,*,#565,.T.);
#565 = EDGE_CURVE('',#542,#432,#566,.T.);
#566 = SEAM_CURVE('',#567,(#571,#578),.PCURVE_S1.);
#567 = LINE('',#568,#569);
#568 = CARTESIAN_POINT('',(0.,20.274264068712,10.2));
#569 = VECTOR('',#570,1.);
#570 = DIRECTION('',(0.707106781187,-0.707106781187,0.));
#571 = PCURVE('',#469,#572);
#572 = DEFINITIONAL_REPRESENTATION('',(#573),#577);
#573 = LINE('',#574,#575);
#574 = CARTESIAN_POINT('',(0.,0.));
#575 = VECTOR('',#576,1.);
#576 = DIRECTION('',(0.,1.));
#577 = ( GEOMETRIC_REPRESENTATION_CONTEXT(2) 
PARAMETRIC_REPRESENTATION_CONTEXT() REPRESENTATION_CONTEXT('2D SPACE',''
  ) );
#578 = PCURVE('',#469,#579);
#579 = DEFINITIONAL_REPRESENTATION('',(#580),#584);
#580 = LINE('',#581,#582);
#581 = CARTESIAN_POINT('',(6.28318530718,0.));
#582 = VECTOR('',#583,1.);
#583 = DIRECTION('',(0.,1.));
#584 = ( GEOMETRIC_REPRESENTATION_CONTEXT(2) 
PARAMETRIC_REPRESENTATION_CONTEXT() REPRESENTATION_CONTEXT('2D SPACE',''
  ) );
#585 = ORIENTED_EDGE('',*,*,#454,.F.);
#586 = ORIENTED_EDGE('',*,*,#565,.F.);
#587 = ADVANCED_FACE('',(#588),#525,.F.);
#588 = FACE_BOUND('',#589,.F.);
#589 = EDGE_LOOP('',(#590,#611,#612,#613));
#590 = ORIENTED_EDGE('',*,*,#591,.F.);
#591 = EDGE_CURVE('',#488,#542,#592,.T.);
#592 = SEAM_CURVE('',#593,(#597,#604),.PCURVE_S1.);
#593 = LINE('',#594,#595);
#594 = CARTESIAN_POINT('',(4.4,24.525735931288,10.2));
#595 = VECTOR('',#596,1.);
#596 = DIRECTION('',(-0.707106781187,-0.707106781187,0.));
#597 = PCURVE('',#525,#598);
#598 = DEFINITIONAL_REPRESENTATION('',(#599),#603);
#599 = LINE('',#600,#601);
#600 = CARTESIAN_POINT('',(-0.,-0.));
#601 = VECTOR('',#602,1.);
#602 = DIRECTION('',(-0.,-1.));
#603 = ( GEOMETRIC_REPRESENTATION_CONTEXT(2) 
PARAMETRIC_REPRESENTATION_CONTEXT() REPRESENTATION_CONTEXT('2D SPACE',''
  ) );
#604 = PCURVE('',#525,#605);
#605 = DEFINITIONAL_REPRESENTATION('',(#606),#610);
#606 = LINE('',#607,#608);
#607 = CARTESIAN_POINT('',(-6.28318530718,-0.));
#608 = VECTOR('',#609,1.);
#609 = DIRECTION('',(-0.,-1.));
#610 = ( GEOMETRIC_REPRESENTATION_CONTEXT(2) 
PARAMETRIC_REPRESENTATION_CONTEXT() REPRESENTATION_CONTEXT('2D SPACE',''
  ) );
#611 = ORIENTED_EDGE('',*,*,#510,.T.);
#612 = ORIENTED_EDGE('',*,*,#591,.T.);
#613 = ORIENTED_EDGE('',*,*,#541,.F.);
#614 = MANIFOLD_SOLID_BREP('',#615);
#615 = CLOSED_SHELL('',(#616,#732,#814,#894,#941,#997,#1004,#1059,#1114,
    #1164));
#616 = ADVANCED_FACE('',(#617),#631,.F.);
#617 = FACE_BOUND('',#618,.F.);
#618 = EDGE_LOOP('',(#619,#654,#680,#708));
#619 = ORIENTED_EDGE('',*,*,#620,.F.);
#620 = EDGE_CURVE('',#621,#623,#625,.T.);
#621 = VERTEX_POINT('',#622);
#622 = CARTESIAN_POINT('',(10.198039027186,4.85,10.));
#623 = VERTEX_POINT('',#624);
#624 = CARTESIAN_POINT('',(10.198039027186,-4.85,10.));
#625 = SURFACE_CURVE('',#626,(#630,#642),.PCURVE_S1.);
#626 = LINE('',#627,#628);
#627 = CARTESIAN_POINT('',(10.198039027186,30.,10.));
#628 = VECTOR('',#629,1.);
#629 = DIRECTION('',(0.,-1.,0.));
#630 = PCURVE('',#631,#636);
#631 = PLANE('',#632);
#632 = AXIS2_PLACEMENT_3D('',#633,#634,#635);
#633 = CARTESIAN_POINT('',(10.198039027186,0.,10.));
#634 = DIRECTION('',(0.,-0.,-1.));
#635 = DIRECTION('',(1.,0.,0.));
#636 = DEFINITIONAL_REPRESENTATION('',(#637),#641);
#637 = LINE('',#638,#639);
#638 = CARTESIAN_POINT('',(0.,-30.));
#639 = VECTOR('',#640,1.);
#640 = DIRECTION('',(0.,1.));
#641 = ( GEOMETRIC_REPRESENTATION_CONTEXT(2) 
PARAMETRIC_REPRESENTATION_CONTEXT() REPRESENTATION_CONTEXT('2D SPACE',''
  ) );
#642 = PCURVE('',#643,#648);
#643 = CYLINDRICAL_SURFACE('',#644,10.2);
#644 = AXIS2_PLACEMENT_3D('',#645,#646,#647);
#645 = CARTESIAN_POINT('',(0.,0.,10.2));
#646 = DIRECTION('',(0.,-1.,-0.));
#647 = DIRECTION('',(1.,0.,0.));
#648 = DEFINITIONAL_REPRESENTATION('',(#649),#653);
#649 = LINE('',#650,#651);
#650 = CARTESIAN_POINT('',(-6.302794406964,-30.));
#651 = VECTOR('',#652,1.);
#652 = DIRECTION('',(0.,1.));
#653 = ( GEOMETRIC_REPRESENTATION_CONTEXT(2) 
PARAMETRIC_REPRESENTATION_CONTEXT() REPRESENTATION_CONTEXT('2D SPACE',''
  ) );
#654 = ORIENTED_EDGE('',*,*,#655,.F.);
#655 = EDGE_CURVE('',#656,#621,#658,.T.);
#656 = VERTEX_POINT('',#657);
#657 = CARTESIAN_POINT('',(10.7,4.85,10.));
#658 = SURFACE_CURVE('',#659,(#663,#669),.PCURVE_S1.);
#659 = LINE('',#660,#661);
#660 = CARTESIAN_POINT('',(-0.300980486407,4.85,10.));
#661 = VECTOR('',#662,1.);
#662 = DIRECTION('',(-1.,-0.,0.));
#663 = PCURVE('',#631,#664);
#664 = DEFINITIONAL_REPRESENTATION('',(#665),#668);
#665 = B_SPLINE_CURVE_WITH_KNOTS('',1,(#666,#667),.UNSPECIFIED.,.F.,.F.,
  (2,2),(-11.0009804864,-10.49901951359),.PIECEWISE_BEZIER_KNOTS.);
#666 = CARTESIAN_POINT('',(0.501960972814,-4.85));
#667 = CARTESIAN_POINT('',(0.,-4.85));
#668 = ( GEOMETRIC_REPRESENTATION_CONTEXT(2) 
PARAMETRIC_REPRESENTATION_CONTEXT() REPRESENTATION_CONTEXT('2D SPACE',''
  ) );
#669 = PCURVE('',#670,#675);
#670 = PLANE('',#671);
#671 = AXIS2_PLACEMENT_3D('',#672,#673,#674);
#672 = CARTESIAN_POINT('',(-10.8,4.85,10.2));
#673 = DIRECTION('',(0.,-1.,0.));
#674 = DIRECTION('',(1.,0.,0.));
#675 = DEFINITIONAL_REPRESENTATION('',(#676),#679);
#676 = B_SPLINE_CURVE_WITH_KNOTS('',1,(#677,#678),.UNSPECIFIED.,.F.,.F.,
  (2,2),(-11.0009804864,-10.49901951359),.PIECEWISE_BEZIER_KNOTS.);
#677 = CARTESIAN_POINT('',(21.5,-0.2));
#678 = CARTESIAN_POINT('',(20.998039027186,-0.2));
#679 = ( GEOMETRIC_REPRESENTATION_CONTEXT(2) 
PARAMETRIC_REPRESENTATION_CONTEXT() REPRESENTATION_CONTEXT('2D SPACE',''
  ) );
#680 = ORIENTED_EDGE('',*,*,#681,.F.);
#681 = EDGE_CURVE('',#682,#656,#684,.T.);
#682 = VERTEX_POINT('',#683);
#683 = CARTESIAN_POINT('',(10.7,-4.85,10.));
#684 = SURFACE_CURVE('',#685,(#689,#696),.PCURVE_S1.);
#685 = LINE('',#686,#687);
#686 = CARTESIAN_POINT('',(10.7,-30.,10.));
#687 = VECTOR('',#688,1.);
#688 = DIRECTION('',(0.,1.,0.));
#689 = PCURVE('',#631,#690);
#690 = DEFINITIONAL_REPRESENTATION('',(#691),#695);
#691 = LINE('',#692,#693);
#692 = CARTESIAN_POINT('',(0.501960972814,30.));
#693 = VECTOR('',#694,1.);
#694 = DIRECTION('',(0.,-1.));
#695 = ( GEOMETRIC_REPRESENTATION_CONTEXT(2) 
PARAMETRIC_REPRESENTATION_CONTEXT() REPRESENTATION_CONTEXT('2D SPACE',''
  ) );
#696 = PCURVE('',#697,#702);
#697 = PLANE('',#698);
#698 = AXIS2_PLACEMENT_3D('',#699,#700,#701);
#699 = CARTESIAN_POINT('',(10.7,0.,10.));
#700 = DIRECTION('',(-1.,0.,0.));
#701 = DIRECTION('',(0.,0.,-1.));
#702 = DEFINITIONAL_REPRESENTATION('',(#703),#707);
#703 = LINE('',#704,#705);
#704 = CARTESIAN_POINT('',(0.,30.));
#705 = VECTOR('',#706,1.);
#706 = DIRECTION('',(0.,-1.));
#707 = ( GEOMETRIC_REPRESENTATION_CONTEXT(2) 
PARAMETRIC_REPRESENTATION_CONTEXT() REPRESENTATION_CONTEXT('2D SPACE',''
  ) );
#708 = ORIENTED_EDGE('',*,*,#709,.F.);
#709 = EDGE_CURVE('',#623,#682,#710,.T.);
#710 = SURFACE_CURVE('',#711,(#715,#721),.PCURVE_S1.);
#711 = LINE('',#712,#713);
#712 = CARTESIAN_POINT('',(10.499019513593,-4.85,10.));
#713 = VECTOR('',#714,1.);
#714 = DIRECTION('',(1.,0.,0.));
#715 = PCURVE('',#631,#716);
#716 = DEFINITIONAL_REPRESENTATION('',(#717),#720);
#717 = B_SPLINE_CURVE_WITH_KNOTS('',1,(#718,#719),.UNSPECIFIED.,.F.,.F.,
  (2,2),(-0.300980486407,0.200980486407),.PIECEWISE_BEZIER_KNOTS.);
#718 = CARTESIAN_POINT('',(0.,4.85));
#719 = CARTESIAN_POINT('',(0.501960972814,4.85));
#720 = ( GEOMETRIC_REPRESENTATION_CONTEXT(2) 
PARAMETRIC_REPRESENTATION_CONTEXT() REPRESENTATION_CONTEXT('2D SPACE',''
  ) );
#721 = PCURVE('',#722,#727);
#722 = PLANE('',#723);
#723 = AXIS2_PLACEMENT_3D('',#724,#725,#726);
#724 = CARTESIAN_POINT('',(10.8,-4.85,10.2));
#725 = DIRECTION('',(0.,1.,-0.));
#726 = DIRECTION('',(-1.,0.,0.));
#727 = DEFINITIONAL_REPRESENTATION('',(#728),#731);
#728 = B_SPLINE_CURVE_WITH_KNOTS('',1,(#729,#730),.UNSPECIFIED.,.F.,.F.,
  (2,2),(-0.300980486407,0.200980486407),.PIECEWISE_BEZIER_KNOTS.);
#729 = CARTESIAN_POINT('',(0.601960972814,-0.2));
#730 = CARTESIAN_POINT('',(1.E-01,-0.2));
#731 = ( GEOMETRIC_REPRESENTATION_CONTEXT(2) 
PARAMETRIC_REPRESENTATION_CONTEXT() REPRESENTATION_CONTEXT('2D SPACE',''
  ) );
#732 = ADVANCED_FACE('',(#733),#643,.T.);
#733 = FACE_BOUND('',#734,.F.);
#734 = EDGE_LOOP('',(#735,#765,#787,#788));
#735 = ORIENTED_EDGE('',*,*,#736,.F.);
#736 = EDGE_CURVE('',#737,#739,#741,.T.);
#737 = VERTEX_POINT('',#738);
#738 = CARTESIAN_POINT('',(3.122849337826E-16,4.85,0.));
#739 = VERTEX_POINT('',#740);
#740 = CARTESIAN_POINT('',(3.122849337826E-16,-4.85,0.));
#741 = SURFACE_CURVE('',#742,(#746,#753),.PCURVE_S1.);
#742 = LINE('',#743,#744);
#743 = CARTESIAN_POINT('',(3.122849337826E-16,30.,0.));
#744 = VECTOR('',#745,1.);
#745 = DIRECTION('',(0.,-1.,0.));
#746 = PCURVE('',#643,#747);
#747 = DEFINITIONAL_REPRESENTATION('',(#748),#752);
#748 = LINE('',#749,#750);
#749 = CARTESIAN_POINT('',(-1.570796326795,-30.));
#750 = VECTOR('',#751,1.);
#751 = DIRECTION('',(0.,1.));
#752 = ( GEOMETRIC_REPRESENTATION_CONTEXT(2) 
PARAMETRIC_REPRESENTATION_CONTEXT() REPRESENTATION_CONTEXT('2D SPACE',''
  ) );
#753 = PCURVE('',#754,#759);
#754 = PLANE('',#755);
#755 = AXIS2_PLACEMENT_3D('',#756,#757,#758);
#756 = CARTESIAN_POINT('',(10.7,0.,0.));
#757 = DIRECTION('',(0.,0.,1.));
#758 = DIRECTION('',(-1.,0.,0.));
#759 = DEFINITIONAL_REPRESENTATION('',(#760),#764);
#760 = LINE('',#761,#762);
#761 = CARTESIAN_POINT('',(10.7,-30.));
#762 = VECTOR('',#763,1.);
#763 = DIRECTION('',(0.,1.));
#764 = ( GEOMETRIC_REPRESENTATION_CONTEXT(2) 
PARAMETRIC_REPRESENTATION_CONTEXT() REPRESENTATION_CONTEXT('2D SPACE',''
  ) );
#765 = ORIENTED_EDGE('',*,*,#766,.F.);
#766 = EDGE_CURVE('',#621,#737,#767,.T.);
#767 = SURFACE_CURVE('',#768,(#773,#780),.PCURVE_S1.);
#768 = CIRCLE('',#769,10.2);
#769 = AXIS2_PLACEMENT_3D('',#770,#771,#772);
#770 = CARTESIAN_POINT('',(0.,4.85,10.2));
#771 = DIRECTION('',(0.,-1.,-0.));
#772 = DIRECTION('',(1.,0.,0.));
#773 = PCURVE('',#643,#774);
#774 = DEFINITIONAL_REPRESENTATION('',(#775),#779);
#775 = LINE('',#776,#777);
#776 = CARTESIAN_POINT('',(-12.56637061435,-4.85));
#777 = VECTOR('',#778,1.);
#778 = DIRECTION('',(1.,-0.));
#779 = ( GEOMETRIC_REPRESENTATION_CONTEXT(2) 
PARAMETRIC_REPRESENTATION_CONTEXT() REPRESENTATION_CONTEXT('2D SPACE',''
  ) );
#780 = PCURVE('',#670,#781);
#781 = DEFINITIONAL_REPRESENTATION('',(#782),#786);
#782 = CIRCLE('',#783,10.2);
#783 = AXIS2_PLACEMENT_2D('',#784,#785);
#784 = CARTESIAN_POINT('',(10.8,0.));
#785 = DIRECTION('',(1.,0.));
#786 = ( GEOMETRIC_REPRESENTATION_CONTEXT(2) 
PARAMETRIC_REPRESENTATION_CONTEXT() REPRESENTATION_CONTEXT('2D SPACE',''
  ) );
#787 = ORIENTED_EDGE('',*,*,#620,.T.);
#788 = ORIENTED_EDGE('',*,*,#789,.T.);
#789 = EDGE_CURVE('',#623,#739,#790,.T.);
#790 = SURFACE_CURVE('',#791,(#796,#803),.PCURVE_S1.);
#791 = CIRCLE('',#792,10.2);
#792 = AXIS2_PLACEMENT_3D('',#793,#794,#795);
#793 = CARTESIAN_POINT('',(0.,-4.85,10.2));
#794 = DIRECTION('',(0.,-1.,-0.));
#795 = DIRECTION('',(1.,0.,0.));
#796 = PCURVE('',#643,#797);
#797 = DEFINITIONAL_REPRESENTATION('',(#798),#802);
#798 = LINE('',#799,#800);
#799 = CARTESIAN_POINT('',(-12.56637061435,4.85));
#800 = VECTOR('',#801,1.);
#801 = DIRECTION('',(1.,-0.));
#802 = ( GEOMETRIC_REPRESENTATION_CONTEXT(2) 
PARAMETRIC_REPRESENTATION_CONTEXT() REPRESENTATION_CONTEXT('2D SPACE',''
  ) );
#803 = PCURVE('',#722,#804);
#804 = DEFINITIONAL_REPRESENTATION('',(#805),#813);
#805 = ( BOUNDED_CURVE() B_SPLINE_CURVE(2,(#806,#807,#808,#809,#810,#811
,#812),.UNSPECIFIED.,.T.,.F.) B_SPLINE_CURVE_WITH_KNOTS((1,2,2,2,2,1),(
    -2.094395102393,0.,2.094395102393,4.188790204786,6.28318530718,
8.377580409573),.UNSPECIFIED.) CURVE() GEOMETRIC_REPRESENTATION_ITEM() 
RATIONAL_B_SPLINE_CURVE((1.,0.5,1.,0.5,1.,0.5,1.)) REPRESENTATION_ITEM(
  '') );
#806 = CARTESIAN_POINT('',(0.6,0.));
#807 = CARTESIAN_POINT('',(0.6,17.666918237203));
#808 = CARTESIAN_POINT('',(15.9,8.833459118601));
#809 = CARTESIAN_POINT('',(31.2,2.498279470261E-15));
#810 = CARTESIAN_POINT('',(15.9,-8.833459118601));
#811 = CARTESIAN_POINT('',(0.6,-17.6669182372));
#812 = CARTESIAN_POINT('',(0.6,0.));
#813 = ( GEOMETRIC_REPRESENTATION_CONTEXT(2) 
PARAMETRIC_REPRESENTATION_CONTEXT() REPRESENTATION_CONTEXT('2D SPACE',''
  ) );
#814 = ADVANCED_FACE('',(#815,#859),#722,.F.);
#815 = FACE_BOUND('',#816,.F.);
#816 = EDGE_LOOP('',(#817,#818,#819,#840));
#817 = ORIENTED_EDGE('',*,*,#789,.F.);
#818 = ORIENTED_EDGE('',*,*,#709,.T.);
#819 = ORIENTED_EDGE('',*,*,#820,.T.);
#820 = EDGE_CURVE('',#682,#821,#823,.T.);
#821 = VERTEX_POINT('',#822);
#822 = CARTESIAN_POINT('',(10.7,-4.85,0.));
#823 = SURFACE_CURVE('',#824,(#828,#834),.PCURVE_S1.);
#824 = LINE('',#825,#826);
#825 = CARTESIAN_POINT('',(10.7,-4.85,10.1));
#826 = VECTOR('',#827,1.);
#827 = DIRECTION('',(-0.,0.,-1.));
#828 = PCURVE('',#722,#829);
#829 = DEFINITIONAL_REPRESENTATION('',(#830),#833);
#830 = B_SPLINE_CURVE_WITH_KNOTS('',1,(#831,#832),.UNSPECIFIED.,.F.,.F.,
  (2,2),(0.1,10.1),.PIECEWISE_BEZIER_KNOTS.);
#831 = CARTESIAN_POINT('',(1.E-01,-0.2));
#832 = CARTESIAN_POINT('',(1.E-01,-10.2));
#833 = ( GEOMETRIC_REPRESENTATION_CONTEXT(2) 
PARAMETRIC_REPRESENTATION_CONTEXT() REPRESENTATION_CONTEXT('2D SPACE',''
  ) );
#834 = PCURVE('',#697,#835);
#835 = DEFINITIONAL_REPRESENTATION('',(#836),#839);
#836 = B_SPLINE_CURVE_WITH_KNOTS('',1,(#837,#838),.UNSPECIFIED.,.F.,.F.,
  (2,2),(0.1,10.1),.PIECEWISE_BEZIER_KNOTS.);
#837 = CARTESIAN_POINT('',(0.,4.85));
#838 = CARTESIAN_POINT('',(10.,4.85));
#839 = ( GEOMETRIC_REPRESENTATION_CONTEXT(2) 
PARAMETRIC_REPRESENTATION_CONTEXT() REPRESENTATION_CONTEXT('2D SPACE',''
  ) );
#840 = ORIENTED_EDGE('',*,*,#841,.T.);
#841 = EDGE_CURVE('',#821,#739,#842,.T.);
#842 = SURFACE_CURVE('',#843,(#847,#853),.PCURVE_S1.);
#843 = LINE('',#844,#845);
#844 = CARTESIAN_POINT('',(10.75,-4.85,0.));
#845 = VECTOR('',#846,1.);
#846 = DIRECTION('',(-1.,0.,0.));
#847 = PCURVE('',#722,#848);
#848 = DEFINITIONAL_REPRESENTATION('',(#849),#852);
#849 = B_SPLINE_CURVE_WITH_KNOTS('',1,(#850,#851),.UNSPECIFIED.,.F.,.F.,
  (2,2),(5.E-02,10.75),.PIECEWISE_BEZIER_KNOTS.);
#850 = CARTESIAN_POINT('',(1.E-01,-10.2));
#851 = CARTESIAN_POINT('',(10.8,-10.2));
#852 = ( GEOMETRIC_REPRESENTATION_CONTEXT(2) 
PARAMETRIC_REPRESENTATION_CONTEXT() REPRESENTATION_CONTEXT('2D SPACE',''
  ) );
#853 = PCURVE('',#754,#854);
#854 = DEFINITIONAL_REPRESENTATION('',(#855),#858);
#855 = B_SPLINE_CURVE_WITH_KNOTS('',1,(#856,#857),.UNSPECIFIED.,.F.,.F.,
  (2,2),(5.E-02,10.75),.PIECEWISE_BEZIER_KNOTS.);
#856 = CARTESIAN_POINT('',(0.,4.85));
#857 = CARTESIAN_POINT('',(10.7,4.85));
#858 = ( GEOMETRIC_REPRESENTATION_CONTEXT(2) 
PARAMETRIC_REPRESENTATION_CONTEXT() REPRESENTATION_CONTEXT('2D SPACE',''
  ) );
#859 = FACE_BOUND('',#860,.F.);
#860 = EDGE_LOOP('',(#861));
#861 = ORIENTED_EDGE('',*,*,#862,.T.);
#862 = EDGE_CURVE('',#863,#863,#865,.T.);
#863 = VERTEX_POINT('',#864);
#864 = CARTESIAN_POINT('',(4.4,-4.85,10.2));
#865 = SURFACE_CURVE('',#866,(#871,#882),.PCURVE_S1.);
#866 = CIRCLE('',#867,4.4);
#867 = AXIS2_PLACEMENT_3D('',#868,#869,#870);
#868 = CARTESIAN_POINT('',(0.,-4.85,10.2));
#869 = DIRECTION('',(-0.,-1.,0.));
#870 = DIRECTION('',(1.,-0.,0.));
#871 = PCURVE('',#722,#872);
#872 = DEFINITIONAL_REPRESENTATION('',(#873),#881);
#873 = ( BOUNDED_CURVE() B_SPLINE_CURVE(2,(#874,#875,#876,#877,#878,#879
,#880),.UNSPECIFIED.,.T.,.F.) B_SPLINE_CURVE_WITH_KNOTS((1,2,2,2,2,1),(
    -2.094395102393,0.,2.094395102393,4.188790204786,6.28318530718,
8.377580409573),.UNSPECIFIED.) CURVE() GEOMETRIC_REPRESENTATION_ITEM() 
RATIONAL_B_SPLINE_CURVE((1.,0.5,1.,0.5,1.,0.5,1.)) REPRESENTATION_ITEM(
  '') );
#874 = CARTESIAN_POINT('',(6.4,0.));
#875 = CARTESIAN_POINT('',(6.4,7.621023553303));
#876 = CARTESIAN_POINT('',(13.,3.810511776652));
#877 = CARTESIAN_POINT('',(19.6,1.07768918325E-15));
#878 = CARTESIAN_POINT('',(13.,-3.810511776652));
#879 = CARTESIAN_POINT('',(6.4,-7.621023553303));
#880 = CARTESIAN_POINT('',(6.4,0.));
#881 = ( GEOMETRIC_REPRESENTATION_CONTEXT(2) 
PARAMETRIC_REPRESENTATION_CONTEXT() REPRESENTATION_CONTEXT('2D SPACE',''
  ) );
#882 = PCURVE('',#883,#888);
#883 = CYLINDRICAL_SURFACE('',#884,4.4);
#884 = AXIS2_PLACEMENT_3D('',#885,#886,#887);
#885 = CARTESIAN_POINT('',(0.,-4.125735931288,10.2));
#886 = DIRECTION('',(-0.,-1.,-0.));
#887 = DIRECTION('',(1.,-0.,0.));
#888 = DEFINITIONAL_REPRESENTATION('',(#889),#893);
#889 = LINE('',#890,#891);
#890 = CARTESIAN_POINT('',(0.,0.724264068712));
#891 = VECTOR('',#892,1.);
#892 = DIRECTION('',(1.,0.));
#893 = ( GEOMETRIC_REPRESENTATION_CONTEXT(2) 
PARAMETRIC_REPRESENTATION_CONTEXT() REPRESENTATION_CONTEXT('2D SPACE',''
  ) );
#894 = ADVANCED_FACE('',(#895),#697,.F.);
#895 = FACE_BOUND('',#896,.F.);
#896 = EDGE_LOOP('',(#897,#898,#919,#940));
#897 = ORIENTED_EDGE('',*,*,#681,.T.);
#898 = ORIENTED_EDGE('',*,*,#899,.F.);
#899 = EDGE_CURVE('',#900,#656,#902,.T.);
#900 = VERTEX_POINT('',#901);
#901 = CARTESIAN_POINT('',(10.7,4.85,0.));
#902 = SURFACE_CURVE('',#903,(#907,#913),.PCURVE_S1.);
#903 = LINE('',#904,#905);
#904 = CARTESIAN_POINT('',(10.7,4.85,10.1));
#905 = VECTOR('',#906,1.);
#906 = DIRECTION('',(0.,0.,1.));
#907 = PCURVE('',#697,#908);
#908 = DEFINITIONAL_REPRESENTATION('',(#909),#912);
#909 = B_SPLINE_CURVE_WITH_KNOTS('',1,(#910,#911),.UNSPECIFIED.,.F.,.F.,
  (2,2),(-10.1,-0.1),.PIECEWISE_BEZIER_KNOTS.);
#910 = CARTESIAN_POINT('',(10.,-4.85));
#911 = CARTESIAN_POINT('',(0.,-4.85));
#912 = ( GEOMETRIC_REPRESENTATION_CONTEXT(2) 
PARAMETRIC_REPRESENTATION_CONTEXT() REPRESENTATION_CONTEXT('2D SPACE',''
  ) );
#913 = PCURVE('',#670,#914);
#914 = DEFINITIONAL_REPRESENTATION('',(#915),#918);
#915 = B_SPLINE_CURVE_WITH_KNOTS('',1,(#916,#917),.UNSPECIFIED.,.F.,.F.,
  (2,2),(-10.1,-0.1),.PIECEWISE_BEZIER_KNOTS.);
#916 = CARTESIAN_POINT('',(21.5,-10.2));
#917 = CARTESIAN_POINT('',(21.5,-0.2));
#918 = ( GEOMETRIC_REPRESENTATION_CONTEXT(2) 
PARAMETRIC_REPRESENTATION_CONTEXT() REPRESENTATION_CONTEXT('2D SPACE',''
  ) );
#919 = ORIENTED_EDGE('',*,*,#920,.F.);
#920 = EDGE_CURVE('',#821,#900,#921,.T.);
#921 = SURFACE_CURVE('',#922,(#926,#933),.PCURVE_S1.);
#922 = LINE('',#923,#924);
#923 = CARTESIAN_POINT('',(10.7,-30.,0.));
#924 = VECTOR('',#925,1.);
#925 = DIRECTION('',(0.,1.,0.));
#926 = PCURVE('',#697,#927);
#927 = DEFINITIONAL_REPRESENTATION('',(#928),#932);
#928 = LINE('',#929,#930);
#929 = CARTESIAN_POINT('',(10.,30.));
#930 = VECTOR('',#931,1.);
#931 = DIRECTION('',(0.,-1.));
#932 = ( GEOMETRIC_REPRESENTATION_CONTEXT(2) 
PARAMETRIC_REPRESENTATION_CONTEXT() REPRESENTATION_CONTEXT('2D SPACE',''
  ) );
#933 = PCURVE('',#754,#934);
#934 = DEFINITIONAL_REPRESENTATION('',(#935),#939);
#935 = LINE('',#936,#937);
#936 = CARTESIAN_POINT('',(0.,30.));
#937 = VECTOR('',#938,1.);
#938 = DIRECTION('',(0.,-1.));
#939 = ( GEOMETRIC_REPRESENTATION_CONTEXT(2) 
PARAMETRIC_REPRESENTATION_CONTEXT() REPRESENTATION_CONTEXT('2D SPACE',''
  ) );
#940 = ORIENTED_EDGE('',*,*,#820,.F.);
#941 = ADVANCED_FACE('',(#942,#966),#670,.F.);
#942 = FACE_BOUND('',#943,.F.);
#943 = EDGE_LOOP('',(#944,#945,#946,#947));
#944 = ORIENTED_EDGE('',*,*,#899,.T.);
#945 = ORIENTED_EDGE('',*,*,#655,.T.);
#946 = ORIENTED_EDGE('',*,*,#766,.T.);
#947 = ORIENTED_EDGE('',*,*,#948,.T.);
#948 = EDGE_CURVE('',#737,#900,#949,.T.);
#949 = SURFACE_CURVE('',#950,(#954,#960),.PCURVE_S1.);
#950 = LINE('',#951,#952);
#951 = CARTESIAN_POINT('',(-5.E-02,4.85,0.));
#952 = VECTOR('',#953,1.);
#953 = DIRECTION('',(1.,0.,-0.));
#954 = PCURVE('',#670,#955);
#955 = DEFINITIONAL_REPRESENTATION('',(#956),#959);
#956 = B_SPLINE_CURVE_WITH_KNOTS('',1,(#957,#958),.UNSPECIFIED.,.F.,.F.,
  (2,2),(5.E-02,10.75),.PIECEWISE_BEZIER_KNOTS.);
#957 = CARTESIAN_POINT('',(10.8,-10.2));
#958 = CARTESIAN_POINT('',(21.5,-10.2));
#959 = ( GEOMETRIC_REPRESENTATION_CONTEXT(2) 
PARAMETRIC_REPRESENTATION_CONTEXT() REPRESENTATION_CONTEXT('2D SPACE',''
  ) );
#960 = PCURVE('',#754,#961);
#961 = DEFINITIONAL_REPRESENTATION('',(#962),#965);
#962 = B_SPLINE_CURVE_WITH_KNOTS('',1,(#963,#964),.UNSPECIFIED.,.F.,.F.,
  (2,2),(5.E-02,10.75),.PIECEWISE_BEZIER_KNOTS.);
#963 = CARTESIAN_POINT('',(10.7,-4.85));
#964 = CARTESIAN_POINT('',(0.,-4.85));
#965 = ( GEOMETRIC_REPRESENTATION_CONTEXT(2) 
PARAMETRIC_REPRESENTATION_CONTEXT() REPRESENTATION_CONTEXT('2D SPACE',''
  ) );
#966 = FACE_BOUND('',#967,.F.);
#967 = EDGE_LOOP('',(#968));
#968 = ORIENTED_EDGE('',*,*,#969,.F.);
#969 = EDGE_CURVE('',#970,#970,#972,.T.);
#970 = VERTEX_POINT('',#971);
#971 = CARTESIAN_POINT('',(4.4,4.85,10.2));
#972 = SURFACE_CURVE('',#973,(#978,#985),.PCURVE_S1.);
#973 = CIRCLE('',#974,4.4);
#974 = AXIS2_PLACEMENT_3D('',#975,#976,#977);
#975 = CARTESIAN_POINT('',(0.,4.85,10.2));
#976 = DIRECTION('',(-0.,-1.,0.));
#977 = DIRECTION('',(1.,-0.,0.));
#978 = PCURVE('',#670,#979);
#979 = DEFINITIONAL_REPRESENTATION('',(#980),#984);
#980 = CIRCLE('',#981,4.4);
#981 = AXIS2_PLACEMENT_2D('',#982,#983);
#982 = CARTESIAN_POINT('',(10.8,0.));
#983 = DIRECTION('',(1.,0.));
#984 = ( GEOMETRIC_REPRESENTATION_CONTEXT(2) 
PARAMETRIC_REPRESENTATION_CONTEXT() REPRESENTATION_CONTEXT('2D SPACE',''
  ) );
#985 = PCURVE('',#986,#991);
#986 = CYLINDRICAL_SURFACE('',#987,4.4);
#987 = AXIS2_PLACEMENT_3D('',#988,#989,#990);
#988 = CARTESIAN_POINT('',(0.,15.874264068712,10.2));
#989 = DIRECTION('',(-0.,-1.,-0.));
#990 = DIRECTION('',(1.,-0.,0.));
#991 = DEFINITIONAL_REPRESENTATION('',(#992),#996);
#992 = LINE('',#993,#994);
#993 = CARTESIAN_POINT('',(0.,11.024264068712));
#994 = VECTOR('',#995,1.);
#995 = DIRECTION('',(1.,0.));
#996 = ( GEOMETRIC_REPRESENTATION_CONTEXT(2) 
PARAMETRIC_REPRESENTATION_CONTEXT() REPRESENTATION_CONTEXT('2D SPACE',''
  ) );
#997 = ADVANCED_FACE('',(#998),#754,.F.);
#998 = FACE_BOUND('',#999,.F.);
#999 = EDGE_LOOP('',(#1000,#1001,#1002,#1003));
#1000 = ORIENTED_EDGE('',*,*,#920,.T.);
#1001 = ORIENTED_EDGE('',*,*,#948,.F.);
#1002 = ORIENTED_EDGE('',*,*,#736,.T.);
#1003 = ORIENTED_EDGE('',*,*,#841,.F.);
#1004 = ADVANCED_FACE('',(#1005),#883,.F.);
#1005 = FACE_BOUND('',#1006,.F.);
#1006 = EDGE_LOOP('',(#1007,#1030,#1057,#1058));
#1007 = ORIENTED_EDGE('',*,*,#1008,.F.);
#1008 = EDGE_CURVE('',#1009,#863,#1011,.T.);
#1009 = VERTEX_POINT('',#1010);
#1010 = CARTESIAN_POINT('',(4.4,-4.125735931288,10.2));
#1011 = SEAM_CURVE('',#1012,(#1016,#1023),.PCURVE_S1.);
#1012 = LINE('',#1013,#1014);
#1013 = CARTESIAN_POINT('',(4.4,-4.125735931288,10.2));
#1014 = VECTOR('',#1015,1.);
#1015 = DIRECTION('',(0.,-1.,0.));
#1016 = PCURVE('',#883,#1017);
#1017 = DEFINITIONAL_REPRESENTATION('',(#1018),#1022);
#1018 = LINE('',#1019,#1020);
#1019 = CARTESIAN_POINT('',(0.,0.));
#1020 = VECTOR('',#1021,1.);
#1021 = DIRECTION('',(0.,1.));
#1022 = ( GEOMETRIC_REPRESENTATION_CONTEXT(2) 
PARAMETRIC_REPRESENTATION_CONTEXT() REPRESENTATION_CONTEXT('2D SPACE',''
  ) );
#1023 = PCURVE('',#883,#1024);
#1024 = DEFINITIONAL_REPRESENTATION('',(#1025),#1029);
#1025 = LINE('',#1026,#1027);
#1026 = CARTESIAN_POINT('',(6.28318530718,0.));
#1027 = VECTOR('',#1028,1.);
#1028 = DIRECTION('',(0.,1.));
#1029 = ( GEOMETRIC_REPRESENTATION_CONTEXT(2) 
PARAMETRIC_REPRESENTATION_CONTEXT() REPRESENTATION_CONTEXT('2D SPACE',''
  ) );
#1030 = ORIENTED_EDGE('',*,*,#1031,.T.);
#1031 = EDGE_CURVE('',#1009,#1009,#1032,.T.);
#1032 = SURFACE_CURVE('',#1033,(#1038,#1045),.PCURVE_S1.);
#1033 = CIRCLE('',#1034,4.4);
#1034 = AXIS2_PLACEMENT_3D('',#1035,#1036,#1037);
#1035 = CARTESIAN_POINT('',(0.,-4.125735931288,10.2));
#1036 = DIRECTION('',(-0.,-1.,0.));
#1037 = DIRECTION('',(1.,-0.,0.));
#1038 = PCURVE('',#883,#1039);
#1039 = DEFINITIONAL_REPRESENTATION('',(#1040),#1044);
#1040 = LINE('',#1041,#1042);
#1041 = CARTESIAN_POINT('',(0.,0.));
#1042 = VECTOR('',#1043,1.);
#1043 = DIRECTION('',(1.,0.));
#1044 = ( GEOMETRIC_REPRESENTATION_CONTEXT(2) 
PARAMETRIC_REPRESENTATION_CONTEXT() REPRESENTATION_CONTEXT('2D SPACE',''
  ) );
#1045 = PCURVE('',#1046,#1051);
#1046 = CONICAL_SURFACE('',#1047,0.,0.785398163397);
#1047 = AXIS2_PLACEMENT_3D('',#1048,#1049,#1050);
#1048 = CARTESIAN_POINT('',(0.,0.274264068712,10.2));
#1049 = DIRECTION('',(-0.,-1.,-0.));
#1050 = DIRECTION('',(1.,-0.,0.));
#1051 = DEFINITIONAL_REPRESENTATION('',(#1052),#1056);
#1052 = LINE('',#1053,#1054);
#1053 = CARTESIAN_POINT('',(0.,4.4));
#1054 = VECTOR('',#1055,1.);
#1055 = DIRECTION('',(1.,0.));
#1056 = ( GEOMETRIC_REPRESENTATION_CONTEXT(2) 
PARAMETRIC_REPRESENTATION_CONTEXT() REPRESENTATION_CONTEXT('2D SPACE',''
  ) );
#1057 = ORIENTED_EDGE('',*,*,#1008,.T.);
#1058 = ORIENTED_EDGE('',*,*,#862,.F.);
#1059 = ADVANCED_FACE('',(#1060),#986,.F.);
#1060 = FACE_BOUND('',#1061,.F.);
#1061 = EDGE_LOOP('',(#1062,#1063,#1086,#1113));
#1062 = ORIENTED_EDGE('',*,*,#969,.T.);
#1063 = ORIENTED_EDGE('',*,*,#1064,.T.);
#1064 = EDGE_CURVE('',#970,#1065,#1067,.T.);
#1065 = VERTEX_POINT('',#1066);
#1066 = CARTESIAN_POINT('',(4.4,4.125735931288,10.2));
#1067 = SEAM_CURVE('',#1068,(#1072,#1079),.PCURVE_S1.);
#1068 = LINE('',#1069,#1070);
#1069 = CARTESIAN_POINT('',(4.4,15.874264068712,10.2));
#1070 = VECTOR('',#1071,1.);
#1071 = DIRECTION('',(0.,-1.,0.));
#1072 = PCURVE('',#986,#1073);
#1073 = DEFINITIONAL_REPRESENTATION('',(#1074),#1078);
#1074 = LINE('',#1075,#1076);
#1075 = CARTESIAN_POINT('',(0.,0.));
#1076 = VECTOR('',#1077,1.);
#1077 = DIRECTION('',(0.,1.));
#1078 = ( GEOMETRIC_REPRESENTATION_CONTEXT(2) 
PARAMETRIC_REPRESENTATION_CONTEXT() REPRESENTATION_CONTEXT('2D SPACE',''
  ) );
#1079 = PCURVE('',#986,#1080);
#1080 = DEFINITIONAL_REPRESENTATION('',(#1081),#1085);
#1081 = LINE('',#1082,#1083);
#1082 = CARTESIAN_POINT('',(6.28318530718,0.));
#1083 = VECTOR('',#1084,1.);
#1084 = DIRECTION('',(0.,1.));
#1085 = ( GEOMETRIC_REPRESENTATION_CONTEXT(2) 
PARAMETRIC_REPRESENTATION_CONTEXT() REPRESENTATION_CONTEXT('2D SPACE',''
  ) );
#1086 = ORIENTED_EDGE('',*,*,#1087,.F.);
#1087 = EDGE_CURVE('',#1065,#1065,#1088,.T.);
#1088 = SURFACE_CURVE('',#1089,(#1094,#1101),.PCURVE_S1.);
#1089 = CIRCLE('',#1090,4.4);
#1090 = AXIS2_PLACEMENT_3D('',#1091,#1092,#1093);
#1091 = CARTESIAN_POINT('',(0.,4.125735931288,10.2));
#1092 = DIRECTION('',(-0.,-1.,0.));
#1093 = DIRECTION('',(1.,-0.,0.));
#1094 = PCURVE('',#986,#1095);
#1095 = DEFINITIONAL_REPRESENTATION('',(#1096),#1100);
#1096 = LINE('',#1097,#1098);
#1097 = CARTESIAN_POINT('',(0.,11.748528137424));
#1098 = VECTOR('',#1099,1.);
#1099 = DIRECTION('',(1.,0.));
#1100 = ( GEOMETRIC_REPRESENTATION_CONTEXT(2) 
PARAMETRIC_REPRESENTATION_CONTEXT() REPRESENTATION_CONTEXT('2D SPACE',''
  ) );
#1101 = PCURVE('',#1102,#1107);
#1102 = CONICAL_SURFACE('',#1103,4.4,0.785398163397);
#1103 = AXIS2_PLACEMENT_3D('',#1104,#1105,#1106);
#1104 = CARTESIAN_POINT('',(0.,4.125735931288,10.2));
#1105 = DIRECTION('',(0.,1.,0.));
#1106 = DIRECTION('',(1.,-0.,0.));
#1107 = DEFINITIONAL_REPRESENTATION('',(#1108),#1112);
#1108 = LINE('',#1109,#1110);
#1109 = CARTESIAN_POINT('',(-0.,-0.));
#1110 = VECTOR('',#1111,1.);
#1111 = DIRECTION('',(-1.,-0.));
#1112 = ( GEOMETRIC_REPRESENTATION_CONTEXT(2) 
PARAMETRIC_REPRESENTATION_CONTEXT() REPRESENTATION_CONTEXT('2D SPACE',''
  ) );
#1113 = ORIENTED_EDGE('',*,*,#1064,.F.);
#1114 = ADVANCED_FACE('',(#1115),#1046,.F.);
#1115 = FACE_BOUND('',#1116,.F.);
#1116 = EDGE_LOOP('',(#1117,#1141,#1162,#1163));
#1117 = ORIENTED_EDGE('',*,*,#1118,.T.);
#1118 = EDGE_CURVE('',#1119,#1119,#1121,.T.);
#1119 = VERTEX_POINT('',#1120);
#1120 = CARTESIAN_POINT('',(0.274264068712,6.260411617525E-16,10.2));
#1121 = SURFACE_CURVE('',#1122,(#1127,#1134),.PCURVE_S1.);
#1122 = CIRCLE('',#1123,0.274264068712);
#1123 = AXIS2_PLACEMENT_3D('',#1124,#1125,#1126);
#1124 = CARTESIAN_POINT('',(0.,-4.440892098501E-16,10.2));
#1125 = DIRECTION('',(0.,-1.,-0.));
#1126 = DIRECTION('',(0.,0.,-1.));
#1127 = PCURVE('',#1046,#1128);
#1128 = DEFINITIONAL_REPRESENTATION('',(#1129),#1133);
#1129 = LINE('',#1130,#1131);
#1130 = CARTESIAN_POINT('',(-1.570796326795,0.274264068712));
#1131 = VECTOR('',#1132,1.);
#1132 = DIRECTION('',(1.,0.));
#1133 = ( GEOMETRIC_REPRESENTATION_CONTEXT(2) 
PARAMETRIC_REPRESENTATION_CONTEXT() REPRESENTATION_CONTEXT('2D SPACE',''
  ) );
#1134 = PCURVE('',#1102,#1135);
#1135 = DEFINITIONAL_REPRESENTATION('',(#1136),#1140);
#1136 = LINE('',#1137,#1138);
#1137 = CARTESIAN_POINT('',(1.570796326795,-4.125735931288));
#1138 = VECTOR('',#1139,1.);
#1139 = DIRECTION('',(-1.,-0.));
#1140 = ( GEOMETRIC_REPRESENTATION_CONTEXT(2) 
PARAMETRIC_REPRESENTATION_CONTEXT() REPRESENTATION_CONTEXT('2D SPACE',''
  ) );
#1141 = ORIENTED_EDGE('',*,*,#1142,.T.);
#1142 = EDGE_CURVE('',#1119,#1009,#1143,.T.);
#1143 = SEAM_CURVE('',#1144,(#1148,#1155),.PCURVE_S1.);
#1144 = LINE('',#1145,#1146);
#1145 = CARTESIAN_POINT('',(0.,0.274264068712,10.2));
#1146 = VECTOR('',#1147,1.);
#1147 = DIRECTION('',(0.707106781187,-0.707106781187,0.));
#1148 = PCURVE('',#1046,#1149);
#1149 = DEFINITIONAL_REPRESENTATION('',(#1150),#1154);
#1150 = LINE('',#1151,#1152);
#1151 = CARTESIAN_POINT('',(0.,0.));
#1152 = VECTOR('',#1153,1.);
#1153 = DIRECTION('',(0.,1.));
#1154 = ( GEOMETRIC_REPRESENTATION_CONTEXT(2) 
PARAMETRIC_REPRESENTATION_CONTEXT() REPRESENTATION_CONTEXT('2D SPACE',''
  ) );
#1155 = PCURVE('',#1046,#1156);
#1156 = DEFINITIONAL_REPRESENTATION('',(#1157),#1161);
#1157 = LINE('',#1158,#1159);
#1158 = CARTESIAN_POINT('',(6.28318530718,0.));
#1159 = VECTOR('',#1160,1.);
#1160 = DIRECTION('',(0.,1.));
#1161 = ( GEOMETRIC_REPRESENTATION_CONTEXT(2) 
PARAMETRIC_REPRESENTATION_CONTEXT() REPRESENTATION_CONTEXT('2D SPACE',''
  ) );
#1162 = ORIENTED_EDGE('',*,*,#1031,.F.);
#1163 = ORIENTED_EDGE('',*,*,#1142,.F.);
#1164 = ADVANCED_FACE('',(#1165),#1102,.F.);
#1165 = FACE_BOUND('',#1166,.F.);
#1166 = EDGE_LOOP('',(#1167,#1188,#1189,#1190));
#1167 = ORIENTED_EDGE('',*,*,#1168,.F.);
#1168 = EDGE_CURVE('',#1065,#1119,#1169,.T.);
#1169 = SEAM_CURVE('',#1170,(#1174,#1181),.PCURVE_S1.);
#1170 = LINE('',#1171,#1172);
#1171 = CARTESIAN_POINT('',(4.4,4.125735931288,10.2));
#1172 = VECTOR('',#1173,1.);
#1173 = DIRECTION('',(-0.707106781187,-0.707106781187,0.));
#1174 = PCURVE('',#1102,#1175);
#1175 = DEFINITIONAL_REPRESENTATION('',(#1176),#1180);
#1176 = LINE('',#1177,#1178);
#1177 = CARTESIAN_POINT('',(-0.,-0.));
#1178 = VECTOR('',#1179,1.);
#1179 = DIRECTION('',(-0.,-1.));
#1180 = ( GEOMETRIC_REPRESENTATION_CONTEXT(2) 
PARAMETRIC_REPRESENTATION_CONTEXT() REPRESENTATION_CONTEXT('2D SPACE',''
  ) );
#1181 = PCURVE('',#1102,#1182);
#1182 = DEFINITIONAL_REPRESENTATION('',(#1183),#1187);
#1183 = LINE('',#1184,#1185);
#1184 = CARTESIAN_POINT('',(-6.28318530718,-0.));
#1185 = VECTOR('',#1186,1.);
#1186 = DIRECTION('',(-0.,-1.));
#1187 = ( GEOMETRIC_REPRESENTATION_CONTEXT(2) 
PARAMETRIC_REPRESENTATION_CONTEXT() REPRESENTATION_CONTEXT('2D SPACE',''
  ) );
#1188 = ORIENTED_EDGE('',*,*,#1087,.T.);
#1189 = ORIENTED_EDGE('',*,*,#1168,.T.);
#1190 = ORIENTED_EDGE('',*,*,#1118,.F.);
#1191 = MANIFOLD_SOLID_BREP('',#1192);
#1192 = CLOSED_SHELL('',(#1193,#1309,#1391,#1467,#1514,#1570,#1577,#1632
    ,#1687,#1737));
#1193 = ADVANCED_FACE('',(#1194),#1208,.F.);
#1194 = FACE_BOUND('',#1195,.F.);
#1195 = EDGE_LOOP('',(#1196,#1231,#1257,#1285));
#1196 = ORIENTED_EDGE('',*,*,#1197,.F.);
#1197 = EDGE_CURVE('',#1198,#1200,#1202,.T.);
#1198 = VERTEX_POINT('',#1199);
#1199 = CARTESIAN_POINT('',(10.198039027186,-15.15,10.));
#1200 = VERTEX_POINT('',#1201);
#1201 = CARTESIAN_POINT('',(10.198039027186,-24.85,10.));
#1202 = SURFACE_CURVE('',#1203,(#1207,#1219),.PCURVE_S1.);
#1203 = LINE('',#1204,#1205);
#1204 = CARTESIAN_POINT('',(10.198039027186,30.,10.));
#1205 = VECTOR('',#1206,1.);
#1206 = DIRECTION('',(0.,-1.,0.));
#1207 = PCURVE('',#1208,#1213);
#1208 = PLANE('',#1209);
#1209 = AXIS2_PLACEMENT_3D('',#1210,#1211,#1212);
#1210 = CARTESIAN_POINT('',(10.198039027186,0.,10.));
#1211 = DIRECTION('',(0.,-0.,-1.));
#1212 = DIRECTION('',(1.,0.,0.));
#1213 = DEFINITIONAL_REPRESENTATION('',(#1214),#1218);
#1214 = LINE('',#1215,#1216);
#1215 = CARTESIAN_POINT('',(0.,-30.));
#1216 = VECTOR('',#1217,1.);
#1217 = DIRECTION('',(0.,1.));
#1218 = ( GEOMETRIC_REPRESENTATION_CONTEXT(2) 
PARAMETRIC_REPRESENTATION_CONTEXT() REPRESENTATION_CONTEXT('2D SPACE',''
  ) );
#1219 = PCURVE('',#1220,#1225);
#1220 = CYLINDRICAL_SURFACE('',#1221,10.2);
#1221 = AXIS2_PLACEMENT_3D('',#1222,#1223,#1224);
#1222 = CARTESIAN_POINT('',(0.,0.,10.2));
#1223 = DIRECTION('',(0.,-1.,-0.));
#1224 = DIRECTION('',(1.,0.,0.));
#1225 = DEFINITIONAL_REPRESENTATION('',(#1226),#1230);
#1226 = LINE('',#1227,#1228);
#1227 = CARTESIAN_POINT('',(-6.302794406964,-30.));
#1228 = VECTOR('',#1229,1.);
#1229 = DIRECTION('',(0.,1.));
#1230 = ( GEOMETRIC_REPRESENTATION_CONTEXT(2) 
PARAMETRIC_REPRESENTATION_CONTEXT() REPRESENTATION_CONTEXT('2D SPACE',''
  ) );
#1231 = ORIENTED_EDGE('',*,*,#1232,.F.);
#1232 = EDGE_CURVE('',#1233,#1198,#1235,.T.);
#1233 = VERTEX_POINT('',#1234);
#1234 = CARTESIAN_POINT('',(10.7,-15.15,10.));
#1235 = SURFACE_CURVE('',#1236,(#1240,#1246),.PCURVE_S1.);
#1236 = LINE('',#1237,#1238);
#1237 = CARTESIAN_POINT('',(-0.300980486407,-15.15,10.));
#1238 = VECTOR('',#1239,1.);
#1239 = DIRECTION('',(-1.,-0.,0.));
#1240 = PCURVE('',#1208,#1241);
#1241 = DEFINITIONAL_REPRESENTATION('',(#1242),#1245);
#1242 = B_SPLINE_CURVE_WITH_KNOTS('',1,(#1243,#1244),.UNSPECIFIED.,.F.,
  .F.,(2,2),(-11.0009804864,-10.49901951359),.PIECEWISE_BEZIER_KNOTS.);
#1243 = CARTESIAN_POINT('',(0.501960972814,15.15));
#1244 = CARTESIAN_POINT('',(0.,15.15));
#1245 = ( GEOMETRIC_REPRESENTATION_CONTEXT(2) 
PARAMETRIC_REPRESENTATION_CONTEXT() REPRESENTATION_CONTEXT('2D SPACE',''
  ) );
#1246 = PCURVE('',#1247,#1252);
#1247 = PLANE('',#1248);
#1248 = AXIS2_PLACEMENT_3D('',#1249,#1250,#1251);
#1249 = CARTESIAN_POINT('',(-10.8,-15.15,10.2));
#1250 = DIRECTION('',(0.,-1.,0.));
#1251 = DIRECTION('',(1.,0.,0.));
#1252 = DEFINITIONAL_REPRESENTATION('',(#1253),#1256);
#1253 = B_SPLINE_CURVE_WITH_KNOTS('',1,(#1254,#1255),.UNSPECIFIED.,.F.,
  .F.,(2,2),(-11.0009804864,-10.49901951359),.PIECEWISE_BEZIER_KNOTS.);
#1254 = CARTESIAN_POINT('',(21.5,-0.2));
#1255 = CARTESIAN_POINT('',(20.998039027186,-0.2));
#1256 = ( GEOMETRIC_REPRESENTATION_CONTEXT(2) 
PARAMETRIC_REPRESENTATION_CONTEXT() REPRESENTATION_CONTEXT('2D SPACE',''
  ) );
#1257 = ORIENTED_EDGE('',*,*,#1258,.F.);
#1258 = EDGE_CURVE('',#1259,#1233,#1261,.T.);
#1259 = VERTEX_POINT('',#1260);
#1260 = CARTESIAN_POINT('',(10.7,-24.85,10.));
#1261 = SURFACE_CURVE('',#1262,(#1266,#1273),.PCURVE_S1.);
#1262 = LINE('',#1263,#1264);
#1263 = CARTESIAN_POINT('',(10.7,-30.,10.));
#1264 = VECTOR('',#1265,1.);
#1265 = DIRECTION('',(0.,1.,0.));
#1266 = PCURVE('',#1208,#1267);
#1267 = DEFINITIONAL_REPRESENTATION('',(#1268),#1272);
#1268 = LINE('',#1269,#1270);
#1269 = CARTESIAN_POINT('',(0.501960972814,30.));
#1270 = VECTOR('',#1271,1.);
#1271 = DIRECTION('',(0.,-1.));
#1272 = ( GEOMETRIC_REPRESENTATION_CONTEXT(2) 
PARAMETRIC_REPRESENTATION_CONTEXT() REPRESENTATION_CONTEXT('2D SPACE',''
  ) );
#1273 = PCURVE('',#1274,#1279);
#1274 = PLANE('',#1275);
#1275 = AXIS2_PLACEMENT_3D('',#1276,#1277,#1278);
#1276 = CARTESIAN_POINT('',(10.7,0.,10.));
#1277 = DIRECTION('',(-1.,0.,0.));
#1278 = DIRECTION('',(0.,0.,-1.));
#1279 = DEFINITIONAL_REPRESENTATION('',(#1280),#1284);
#1280 = LINE('',#1281,#1282);
#1281 = CARTESIAN_POINT('',(0.,30.));
#1282 = VECTOR('',#1283,1.);
#1283 = DIRECTION('',(0.,-1.));
#1284 = ( GEOMETRIC_REPRESENTATION_CONTEXT(2) 
PARAMETRIC_REPRESENTATION_CONTEXT() REPRESENTATION_CONTEXT('2D SPACE',''
  ) );
#1285 = ORIENTED_EDGE('',*,*,#1286,.F.);
#1286 = EDGE_CURVE('',#1200,#1259,#1287,.T.);
#1287 = SURFACE_CURVE('',#1288,(#1292,#1298),.PCURVE_S1.);
#1288 = LINE('',#1289,#1290);
#1289 = CARTESIAN_POINT('',(10.499019513593,-24.85,10.));
#1290 = VECTOR('',#1291,1.);
#1291 = DIRECTION('',(1.,0.,0.));
#1292 = PCURVE('',#1208,#1293);
#1293 = DEFINITIONAL_REPRESENTATION('',(#1294),#1297);
#1294 = B_SPLINE_CURVE_WITH_KNOTS('',1,(#1295,#1296),.UNSPECIFIED.,.F.,
  .F.,(2,2),(-0.300980486407,0.200980486407),.PIECEWISE_BEZIER_KNOTS.);
#1295 = CARTESIAN_POINT('',(0.,24.85));
#1296 = CARTESIAN_POINT('',(0.501960972814,24.85));
#1297 = ( GEOMETRIC_REPRESENTATION_CONTEXT(2) 
PARAMETRIC_REPRESENTATION_CONTEXT() REPRESENTATION_CONTEXT('2D SPACE',''
  ) );
#1298 = PCURVE('',#1299,#1304);
#1299 = PLANE('',#1300);
#1300 = AXIS2_PLACEMENT_3D('',#1301,#1302,#1303);
#1301 = CARTESIAN_POINT('',(10.8,-24.85,10.2));
#1302 = DIRECTION('',(0.,1.,-0.));
#1303 = DIRECTION('',(-1.,0.,0.));
#1304 = DEFINITIONAL_REPRESENTATION('',(#1305),#1308);
#1305 = B_SPLINE_CURVE_WITH_KNOTS('',1,(#1306,#1307),.UNSPECIFIED.,.F.,
  .F.,(2,2),(-0.300980486407,0.200980486407),.PIECEWISE_BEZIER_KNOTS.);
#1306 = CARTESIAN_POINT('',(0.601960972814,-0.2));
#1307 = CARTESIAN_POINT('',(1.E-01,-0.2));
#1308 = ( GEOMETRIC_REPRESENTATION_CONTEXT(2) 
PARAMETRIC_REPRESENTATION_CONTEXT() REPRESENTATION_CONTEXT('2D SPACE',''
  ) );
#1309 = ADVANCED_FACE('',(#1310),#1220,.T.);
#1310 = FACE_BOUND('',#1311,.F.);
#1311 = EDGE_LOOP('',(#1312,#1342,#1364,#1365));
#1312 = ORIENTED_EDGE('',*,*,#1313,.F.);
#1313 = EDGE_CURVE('',#1314,#1316,#1318,.T.);
#1314 = VERTEX_POINT('',#1315);
#1315 = CARTESIAN_POINT('',(3.122849337826E-16,-15.15,0.));
#1316 = VERTEX_POINT('',#1317);
#1317 = CARTESIAN_POINT('',(3.122849337826E-16,-24.85,0.));
#1318 = SURFACE_CURVE('',#1319,(#1323,#1330),.PCURVE_S1.);
#1319 = LINE('',#1320,#1321);
#1320 = CARTESIAN_POINT('',(3.122849337826E-16,30.,0.));
#1321 = VECTOR('',#1322,1.);
#1322 = DIRECTION('',(0.,-1.,0.));
#1323 = PCURVE('',#1220,#1324);
#1324 = DEFINITIONAL_REPRESENTATION('',(#1325),#1329);
#1325 = LINE('',#1326,#1327);
#1326 = CARTESIAN_POINT('',(-1.570796326795,-30.));
#1327 = VECTOR('',#1328,1.);
#1328 = DIRECTION('',(0.,1.));
#1329 = ( GEOMETRIC_REPRESENTATION_CONTEXT(2) 
PARAMETRIC_REPRESENTATION_CONTEXT() REPRESENTATION_CONTEXT('2D SPACE',''
  ) );
#1330 = PCURVE('',#1331,#1336);
#1331 = PLANE('',#1332);
#1332 = AXIS2_PLACEMENT_3D('',#1333,#1334,#1335);
#1333 = CARTESIAN_POINT('',(10.7,0.,0.));
#1334 = DIRECTION('',(0.,0.,1.));
#1335 = DIRECTION('',(-1.,0.,0.));
#1336 = DEFINITIONAL_REPRESENTATION('',(#1337),#1341);
#1337 = LINE('',#1338,#1339);
#1338 = CARTESIAN_POINT('',(10.7,-30.));
#1339 = VECTOR('',#1340,1.);
#1340 = DIRECTION('',(0.,1.));
#1341 = ( GEOMETRIC_REPRESENTATION_CONTEXT(2) 
PARAMETRIC_REPRESENTATION_CONTEXT() REPRESENTATION_CONTEXT('2D SPACE',''
  ) );
#1342 = ORIENTED_EDGE('',*,*,#1343,.F.);
#1343 = EDGE_CURVE('',#1198,#1314,#1344,.T.);
#1344 = SURFACE_CURVE('',#1345,(#1350,#1357),.PCURVE_S1.);
#1345 = CIRCLE('',#1346,10.2);
#1346 = AXIS2_PLACEMENT_3D('',#1347,#1348,#1349);
#1347 = CARTESIAN_POINT('',(0.,-15.15,10.2));
#1348 = DIRECTION('',(0.,-1.,-0.));
#1349 = DIRECTION('',(1.,0.,0.));
#1350 = PCURVE('',#1220,#1351);
#1351 = DEFINITIONAL_REPRESENTATION('',(#1352),#1356);
#1352 = LINE('',#1353,#1354);
#1353 = CARTESIAN_POINT('',(-12.56637061435,15.15));
#1354 = VECTOR('',#1355,1.);
#1355 = DIRECTION('',(1.,-0.));
#1356 = ( GEOMETRIC_REPRESENTATION_CONTEXT(2) 
PARAMETRIC_REPRESENTATION_CONTEXT() REPRESENTATION_CONTEXT('2D SPACE',''
  ) );
#1357 = PCURVE('',#1247,#1358);
#1358 = DEFINITIONAL_REPRESENTATION('',(#1359),#1363);
#1359 = CIRCLE('',#1360,10.2);
#1360 = AXIS2_PLACEMENT_2D('',#1361,#1362);
#1361 = CARTESIAN_POINT('',(10.8,0.));
#1362 = DIRECTION('',(1.,0.));
#1363 = ( GEOMETRIC_REPRESENTATION_CONTEXT(2) 
PARAMETRIC_REPRESENTATION_CONTEXT() REPRESENTATION_CONTEXT('2D SPACE',''
  ) );
#1364 = ORIENTED_EDGE('',*,*,#1197,.T.);
#1365 = ORIENTED_EDGE('',*,*,#1366,.T.);
#1366 = EDGE_CURVE('',#1200,#1316,#1367,.T.);
#1367 = SURFACE_CURVE('',#1368,(#1373,#1380),.PCURVE_S1.);
#1368 = CIRCLE('',#1369,10.2);
#1369 = AXIS2_PLACEMENT_3D('',#1370,#1371,#1372);
#1370 = CARTESIAN_POINT('',(0.,-24.85,10.2));
#1371 = DIRECTION('',(0.,-1.,-0.));
#1372 = DIRECTION('',(1.,0.,0.));
#1373 = PCURVE('',#1220,#1374);
#1374 = DEFINITIONAL_REPRESENTATION('',(#1375),#1379);
#1375 = LINE('',#1376,#1377);
#1376 = CARTESIAN_POINT('',(-12.56637061435,24.85));
#1377 = VECTOR('',#1378,1.);
#1378 = DIRECTION('',(1.,-0.));
#1379 = ( GEOMETRIC_REPRESENTATION_CONTEXT(2) 
PARAMETRIC_REPRESENTATION_CONTEXT() REPRESENTATION_CONTEXT('2D SPACE',''
  ) );
#1380 = PCURVE('',#1299,#1381);
#1381 = DEFINITIONAL_REPRESENTATION('',(#1382),#1390);
#1382 = ( BOUNDED_CURVE() B_SPLINE_CURVE(2,(#1383,#1384,#1385,#1386,
#1387,#1388,#1389),.UNSPECIFIED.,.T.,.F.) B_SPLINE_CURVE_WITH_KNOTS((1,2
    ,2,2,2,1),(-2.094395102393,0.,2.094395102393,4.188790204786,
6.28318530718,8.377580409573),.UNSPECIFIED.) CURVE() 
GEOMETRIC_REPRESENTATION_ITEM() RATIONAL_B_SPLINE_CURVE((1.,0.5,1.,0.5,
1.,0.5,1.)) REPRESENTATION_ITEM('') );
#1383 = CARTESIAN_POINT('',(0.6,0.));
#1384 = CARTESIAN_POINT('',(0.6,17.666918237203));
#1385 = CARTESIAN_POINT('',(15.9,8.833459118601));
#1386 = CARTESIAN_POINT('',(31.2,2.498279470261E-15));
#1387 = CARTESIAN_POINT('',(15.9,-8.833459118601));
#1388 = CARTESIAN_POINT('',(0.6,-17.6669182372));
#1389 = CARTESIAN_POINT('',(0.6,0.));
#1390 = ( GEOMETRIC_REPRESENTATION_CONTEXT(2) 
PARAMETRIC_REPRESENTATION_CONTEXT() REPRESENTATION_CONTEXT('2D SPACE',''
  ) );
#1391 = ADVANCED_FACE('',(#1392,#1436),#1299,.F.);
#1392 = FACE_BOUND('',#1393,.F.);
#1393 = EDGE_LOOP('',(#1394,#1395,#1396,#1417));
#1394 = ORIENTED_EDGE('',*,*,#1366,.F.);
#1395 = ORIENTED_EDGE('',*,*,#1286,.T.);
#1396 = ORIENTED_EDGE('',*,*,#1397,.T.);
#1397 = EDGE_CURVE('',#1259,#1398,#1400,.T.);
#1398 = VERTEX_POINT('',#1399);
#1399 = CARTESIAN_POINT('',(10.7,-24.85,0.));
#1400 = SURFACE_CURVE('',#1401,(#1405,#1411),.PCURVE_S1.);
#1401 = LINE('',#1402,#1403);
#1402 = CARTESIAN_POINT('',(10.7,-24.85,10.1));
#1403 = VECTOR('',#1404,1.);
#1404 = DIRECTION('',(-0.,0.,-1.));
#1405 = PCURVE('',#1299,#1406);
#1406 = DEFINITIONAL_REPRESENTATION('',(#1407),#1410);
#1407 = B_SPLINE_CURVE_WITH_KNOTS('',1,(#1408,#1409),.UNSPECIFIED.,.F.,
  .F.,(2,2),(0.1,10.1),.PIECEWISE_BEZIER_KNOTS.);
#1408 = CARTESIAN_POINT('',(1.E-01,-0.2));
#1409 = CARTESIAN_POINT('',(1.E-01,-10.2));
#1410 = ( GEOMETRIC_REPRESENTATION_CONTEXT(2) 
PARAMETRIC_REPRESENTATION_CONTEXT() REPRESENTATION_CONTEXT('2D SPACE',''
  ) );
#1411 = PCURVE('',#1274,#1412);
#1412 = DEFINITIONAL_REPRESENTATION('',(#1413),#1416);
#1413 = B_SPLINE_CURVE_WITH_KNOTS('',1,(#1414,#1415),.UNSPECIFIED.,.F.,
  .F.,(2,2),(0.1,10.1),.PIECEWISE_BEZIER_KNOTS.);
#1414 = CARTESIAN_POINT('',(0.,24.85));
#1415 = CARTESIAN_POINT('',(10.,24.85));
#1416 = ( GEOMETRIC_REPRESENTATION_CONTEXT(2) 
PARAMETRIC_REPRESENTATION_CONTEXT() REPRESENTATION_CONTEXT('2D SPACE',''
  ) );
#1417 = ORIENTED_EDGE('',*,*,#1418,.T.);
#1418 = EDGE_CURVE('',#1398,#1316,#1419,.T.);
#1419 = SURFACE_CURVE('',#1420,(#1424,#1430),.PCURVE_S1.);
#1420 = LINE('',#1421,#1422);
#1421 = CARTESIAN_POINT('',(10.75,-24.85,0.));
#1422 = VECTOR('',#1423,1.);
#1423 = DIRECTION('',(-1.,0.,0.));
#1424 = PCURVE('',#1299,#1425);
#1425 = DEFINITIONAL_REPRESENTATION('',(#1426),#1429);
#1426 = B_SPLINE_CURVE_WITH_KNOTS('',1,(#1427,#1428),.UNSPECIFIED.,.F.,
  .F.,(2,2),(5.E-02,10.75),.PIECEWISE_BEZIER_KNOTS.);
#1427 = CARTESIAN_POINT('',(1.E-01,-10.2));
#1428 = CARTESIAN_POINT('',(10.8,-10.2));
#1429 = ( GEOMETRIC_REPRESENTATION_CONTEXT(2) 
PARAMETRIC_REPRESENTATION_CONTEXT() REPRESENTATION_CONTEXT('2D SPACE',''
  ) );
#1430 = PCURVE('',#1331,#1431);
#1431 = DEFINITIONAL_REPRESENTATION('',(#1432),#1435);
#1432 = B_SPLINE_CURVE_WITH_KNOTS('',1,(#1433,#1434),.UNSPECIFIED.,.F.,
  .F.,(2,2),(5.E-02,10.75),.PIECEWISE_BEZIER_KNOTS.);
#1433 = CARTESIAN_POINT('',(0.,24.85));
#1434 = CARTESIAN_POINT('',(10.7,24.85));
#1435 = ( GEOMETRIC_REPRESENTATION_CONTEXT(2) 
PARAMETRIC_REPRESENTATION_CONTEXT() REPRESENTATION_CONTEXT('2D SPACE',''
  ) );
#1436 = FACE_BOUND('',#1437,.F.);
#1437 = EDGE_LOOP('',(#1438));
#1438 = ORIENTED_EDGE('',*,*,#1439,.F.);
#1439 = EDGE_CURVE('',#1440,#1440,#1442,.T.);
#1440 = VERTEX_POINT('',#1441);
#1441 = CARTESIAN_POINT('',(4.4,-24.85,10.2));
#1442 = SURFACE_CURVE('',#1443,(#1448,#1455),.PCURVE_S1.);
#1443 = CIRCLE('',#1444,4.4);
#1444 = AXIS2_PLACEMENT_3D('',#1445,#1446,#1447);
#1445 = CARTESIAN_POINT('',(0.,-24.85,10.2));
#1446 = DIRECTION('',(-0.,1.,0.));
#1447 = DIRECTION('',(1.,0.,0.));
#1448 = PCURVE('',#1299,#1449);
#1449 = DEFINITIONAL_REPRESENTATION('',(#1450),#1454);
#1450 = CIRCLE('',#1451,4.4);
#1451 = AXIS2_PLACEMENT_2D('',#1452,#1453);
#1452 = CARTESIAN_POINT('',(10.8,0.));
#1453 = DIRECTION('',(-1.,0.));
#1454 = ( GEOMETRIC_REPRESENTATION_CONTEXT(2) 
PARAMETRIC_REPRESENTATION_CONTEXT() REPRESENTATION_CONTEXT('2D SPACE',''
  ) );
#1455 = PCURVE('',#1456,#1461);
#1456 = CYLINDRICAL_SURFACE('',#1457,4.4);
#1457 = AXIS2_PLACEMENT_3D('',#1458,#1459,#1460);
#1458 = CARTESIAN_POINT('',(0.,-27.98333333333,10.2));
#1459 = DIRECTION('',(0.,1.,0.));
#1460 = DIRECTION('',(1.,0.,0.));
#1461 = DEFINITIONAL_REPRESENTATION('',(#1462),#1466);
#1462 = LINE('',#1463,#1464);
#1463 = CARTESIAN_POINT('',(-6.28318530718,3.133333333333));
#1464 = VECTOR('',#1465,1.);
#1465 = DIRECTION('',(1.,-0.));
#1466 = ( GEOMETRIC_REPRESENTATION_CONTEXT(2) 
PARAMETRIC_REPRESENTATION_CONTEXT() REPRESENTATION_CONTEXT('2D SPACE',''
  ) );
#1467 = ADVANCED_FACE('',(#1468),#1274,.F.);
#1468 = FACE_BOUND('',#1469,.F.);
#1469 = EDGE_LOOP('',(#1470,#1471,#1492,#1513));
#1470 = ORIENTED_EDGE('',*,*,#1258,.T.);
#1471 = ORIENTED_EDGE('',*,*,#1472,.F.);
#1472 = EDGE_CURVE('',#1473,#1233,#1475,.T.);
#1473 = VERTEX_POINT('',#1474);
#1474 = CARTESIAN_POINT('',(10.7,-15.15,0.));
#1475 = SURFACE_CURVE('',#1476,(#1480,#1486),.PCURVE_S1.);
#1476 = LINE('',#1477,#1478);
#1477 = CARTESIAN_POINT('',(10.7,-15.15,10.1));
#1478 = VECTOR('',#1479,1.);
#1479 = DIRECTION('',(0.,0.,1.));
#1480 = PCURVE('',#1274,#1481);
#1481 = DEFINITIONAL_REPRESENTATION('',(#1482),#1485);
#1482 = B_SPLINE_CURVE_WITH_KNOTS('',1,(#1483,#1484),.UNSPECIFIED.,.F.,
  .F.,(2,2),(-10.1,-0.1),.PIECEWISE_BEZIER_KNOTS.);
#1483 = CARTESIAN_POINT('',(10.,15.15));
#1484 = CARTESIAN_POINT('',(0.,15.15));
#1485 = ( GEOMETRIC_REPRESENTATION_CONTEXT(2) 
PARAMETRIC_REPRESENTATION_CONTEXT() REPRESENTATION_CONTEXT('2D SPACE',''
  ) );
#1486 = PCURVE('',#1247,#1487);
#1487 = DEFINITIONAL_REPRESENTATION('',(#1488),#1491);
#1488 = B_SPLINE_CURVE_WITH_KNOTS('',1,(#1489,#1490),.UNSPECIFIED.,.F.,
  .F.,(2,2),(-10.1,-0.1),.PIECEWISE_BEZIER_KNOTS.);
#1489 = CARTESIAN_POINT('',(21.5,-10.2));
#1490 = CARTESIAN_POINT('',(21.5,-0.2));
#1491 = ( GEOMETRIC_REPRESENTATION_CONTEXT(2) 
PARAMETRIC_REPRESENTATION_CONTEXT() REPRESENTATION_CONTEXT('2D SPACE',''
  ) );
#1492 = ORIENTED_EDGE('',*,*,#1493,.F.);
#1493 = EDGE_CURVE('',#1398,#1473,#1494,.T.);
#1494 = SURFACE_CURVE('',#1495,(#1499,#1506),.PCURVE_S1.);
#1495 = LINE('',#1496,#1497);
#1496 = CARTESIAN_POINT('',(10.7,-30.,0.));
#1497 = VECTOR('',#1498,1.);
#1498 = DIRECTION('',(0.,1.,0.));
#1499 = PCURVE('',#1274,#1500);
#1500 = DEFINITIONAL_REPRESENTATION('',(#1501),#1505);
#1501 = LINE('',#1502,#1503);
#1502 = CARTESIAN_POINT('',(10.,30.));
#1503 = VECTOR('',#1504,1.);
#1504 = DIRECTION('',(0.,-1.));
#1505 = ( GEOMETRIC_REPRESENTATION_CONTEXT(2) 
PARAMETRIC_REPRESENTATION_CONTEXT() REPRESENTATION_CONTEXT('2D SPACE',''
  ) );
#1506 = PCURVE('',#1331,#1507);
#1507 = DEFINITIONAL_REPRESENTATION('',(#1508),#1512);
#1508 = LINE('',#1509,#1510);
#1509 = CARTESIAN_POINT('',(0.,30.));
#1510 = VECTOR('',#1511,1.);
#1511 = DIRECTION('',(0.,-1.));
#1512 = ( GEOMETRIC_REPRESENTATION_CONTEXT(2) 
PARAMETRIC_REPRESENTATION_CONTEXT() REPRESENTATION_CONTEXT('2D SPACE',''
  ) );
#1513 = ORIENTED_EDGE('',*,*,#1397,.F.);
#1514 = ADVANCED_FACE('',(#1515,#1539),#1247,.F.);
#1515 = FACE_BOUND('',#1516,.F.);
#1516 = EDGE_LOOP('',(#1517,#1518,#1519,#1520));
#1517 = ORIENTED_EDGE('',*,*,#1472,.T.);
#1518 = ORIENTED_EDGE('',*,*,#1232,.T.);
#1519 = ORIENTED_EDGE('',*,*,#1343,.T.);
#1520 = ORIENTED_EDGE('',*,*,#1521,.T.);
#1521 = EDGE_CURVE('',#1314,#1473,#1522,.T.);
#1522 = SURFACE_CURVE('',#1523,(#1527,#1533),.PCURVE_S1.);
#1523 = LINE('',#1524,#1525);
#1524 = CARTESIAN_POINT('',(-5.E-02,-15.15,0.));
#1525 = VECTOR('',#1526,1.);
#1526 = DIRECTION('',(1.,0.,-0.));
#1527 = PCURVE('',#1247,#1528);
#1528 = DEFINITIONAL_REPRESENTATION('',(#1529),#1532);
#1529 = B_SPLINE_CURVE_WITH_KNOTS('',1,(#1530,#1531),.UNSPECIFIED.,.F.,
  .F.,(2,2),(5.E-02,10.75),.PIECEWISE_BEZIER_KNOTS.);
#1530 = CARTESIAN_POINT('',(10.8,-10.2));
#1531 = CARTESIAN_POINT('',(21.5,-10.2));
#1532 = ( GEOMETRIC_REPRESENTATION_CONTEXT(2) 
PARAMETRIC_REPRESENTATION_CONTEXT() REPRESENTATION_CONTEXT('2D SPACE',''
  ) );
#1533 = PCURVE('',#1331,#1534);
#1534 = DEFINITIONAL_REPRESENTATION('',(#1535),#1538);
#1535 = B_SPLINE_CURVE_WITH_KNOTS('',1,(#1536,#1537),.UNSPECIFIED.,.F.,
  .F.,(2,2),(5.E-02,10.75),.PIECEWISE_BEZIER_KNOTS.);
#1536 = CARTESIAN_POINT('',(10.7,15.15));
#1537 = CARTESIAN_POINT('',(0.,15.15));
#1538 = ( GEOMETRIC_REPRESENTATION_CONTEXT(2) 
PARAMETRIC_REPRESENTATION_CONTEXT() REPRESENTATION_CONTEXT('2D SPACE',''
  ) );
#1539 = FACE_BOUND('',#1540,.F.);
#1540 = EDGE_LOOP('',(#1541));
#1541 = ORIENTED_EDGE('',*,*,#1542,.F.);
#1542 = EDGE_CURVE('',#1543,#1543,#1545,.T.);
#1543 = VERTEX_POINT('',#1544);
#1544 = CARTESIAN_POINT('',(4.4,-15.15,10.2));
#1545 = SURFACE_CURVE('',#1546,(#1551,#1558),.PCURVE_S1.);
#1546 = CIRCLE('',#1547,4.4);
#1547 = AXIS2_PLACEMENT_3D('',#1548,#1549,#1550);
#1548 = CARTESIAN_POINT('',(0.,-15.15,10.2));
#1549 = DIRECTION('',(-0.,-1.,0.));
#1550 = DIRECTION('',(1.,-0.,0.));
#1551 = PCURVE('',#1247,#1552);
#1552 = DEFINITIONAL_REPRESENTATION('',(#1553),#1557);
#1553 = CIRCLE('',#1554,4.4);
#1554 = AXIS2_PLACEMENT_2D('',#1555,#1556);
#1555 = CARTESIAN_POINT('',(10.8,0.));
#1556 = DIRECTION('',(1.,0.));
#1557 = ( GEOMETRIC_REPRESENTATION_CONTEXT(2) 
PARAMETRIC_REPRESENTATION_CONTEXT() REPRESENTATION_CONTEXT('2D SPACE',''
  ) );
#1558 = PCURVE('',#1559,#1564);
#1559 = CYLINDRICAL_SURFACE('',#1560,4.4);
#1560 = AXIS2_PLACEMENT_3D('',#1561,#1562,#1563);
#1561 = CARTESIAN_POINT('',(0.,-4.125735931288,10.2));
#1562 = DIRECTION('',(-0.,-1.,-0.));
#1563 = DIRECTION('',(1.,-0.,0.));
#1564 = DEFINITIONAL_REPRESENTATION('',(#1565),#1569);
#1565 = LINE('',#1566,#1567);
#1566 = CARTESIAN_POINT('',(0.,11.024264068712));
#1567 = VECTOR('',#1568,1.);
#1568 = DIRECTION('',(1.,0.));
#1569 = ( GEOMETRIC_REPRESENTATION_CONTEXT(2) 
PARAMETRIC_REPRESENTATION_CONTEXT() REPRESENTATION_CONTEXT('2D SPACE',''
  ) );
#1570 = ADVANCED_FACE('',(#1571),#1331,.F.);
#1571 = FACE_BOUND('',#1572,.F.);
#1572 = EDGE_LOOP('',(#1573,#1574,#1575,#1576));
#1573 = ORIENTED_EDGE('',*,*,#1493,.T.);
#1574 = ORIENTED_EDGE('',*,*,#1521,.F.);
#1575 = ORIENTED_EDGE('',*,*,#1313,.T.);
#1576 = ORIENTED_EDGE('',*,*,#1418,.F.);
#1577 = ADVANCED_FACE('',(#1578),#1456,.F.);
#1578 = FACE_BOUND('',#1579,.T.);
#1579 = EDGE_LOOP('',(#1580,#1581,#1604,#1631));
#1580 = ORIENTED_EDGE('',*,*,#1439,.F.);
#1581 = ORIENTED_EDGE('',*,*,#1582,.T.);
#1582 = EDGE_CURVE('',#1440,#1583,#1585,.T.);
#1583 = VERTEX_POINT('',#1584);
#1584 = CARTESIAN_POINT('',(4.4,-24.52573593128,10.2));
#1585 = SEAM_CURVE('',#1586,(#1590,#1597),.PCURVE_S1.);
#1586 = LINE('',#1587,#1588);
#1587 = CARTESIAN_POINT('',(4.4,-27.98333333333,10.2));
#1588 = VECTOR('',#1589,1.);
#1589 = DIRECTION('',(0.,1.,0.));
#1590 = PCURVE('',#1456,#1591);
#1591 = DEFINITIONAL_REPRESENTATION('',(#1592),#1596);
#1592 = LINE('',#1593,#1594);
#1593 = CARTESIAN_POINT('',(-0.,0.));
#1594 = VECTOR('',#1595,1.);
#1595 = DIRECTION('',(-0.,1.));
#1596 = ( GEOMETRIC_REPRESENTATION_CONTEXT(2) 
PARAMETRIC_REPRESENTATION_CONTEXT() REPRESENTATION_CONTEXT('2D SPACE',''
  ) );
#1597 = PCURVE('',#1456,#1598);
#1598 = DEFINITIONAL_REPRESENTATION('',(#1599),#1603);
#1599 = LINE('',#1600,#1601);
#1600 = CARTESIAN_POINT('',(-6.28318530718,0.));
#1601 = VECTOR('',#1602,1.);
#1602 = DIRECTION('',(-0.,1.));
#1603 = ( GEOMETRIC_REPRESENTATION_CONTEXT(2) 
PARAMETRIC_REPRESENTATION_CONTEXT() REPRESENTATION_CONTEXT('2D SPACE',''
  ) );
#1604 = ORIENTED_EDGE('',*,*,#1605,.F.);
#1605 = EDGE_CURVE('',#1583,#1583,#1606,.T.);
#1606 = SURFACE_CURVE('',#1607,(#1612,#1619),.PCURVE_S1.);
#1607 = CIRCLE('',#1608,4.4);
#1608 = AXIS2_PLACEMENT_3D('',#1609,#1610,#1611);
#1609 = CARTESIAN_POINT('',(0.,-24.52573593128,10.2));
#1610 = DIRECTION('',(-0.,-1.,0.));
#1611 = DIRECTION('',(1.,-0.,0.));
#1612 = PCURVE('',#1456,#1613);
#1613 = DEFINITIONAL_REPRESENTATION('',(#1614),#1618);
#1614 = LINE('',#1615,#1616);
#1615 = CARTESIAN_POINT('',(-0.,3.457597402045));
#1616 = VECTOR('',#1617,1.);
#1617 = DIRECTION('',(-1.,0.));
#1618 = ( GEOMETRIC_REPRESENTATION_CONTEXT(2) 
PARAMETRIC_REPRESENTATION_CONTEXT() REPRESENTATION_CONTEXT('2D SPACE',''
  ) );
#1619 = PCURVE('',#1620,#1625);
#1620 = CONICAL_SURFACE('',#1621,4.4,0.785398163397);
#1621 = AXIS2_PLACEMENT_3D('',#1622,#1623,#1624);
#1622 = CARTESIAN_POINT('',(0.,-24.52573593128,10.2));
#1623 = DIRECTION('',(-0.,-1.,-0.));
#1624 = DIRECTION('',(1.,0.,0.));
#1625 = DEFINITIONAL_REPRESENTATION('',(#1626),#1630);
#1626 = LINE('',#1627,#1628);
#1627 = CARTESIAN_POINT('',(0.,-0.));
#1628 = VECTOR('',#1629,1.);
#1629 = DIRECTION('',(1.,-0.));
#1630 = ( GEOMETRIC_REPRESENTATION_CONTEXT(2) 
PARAMETRIC_REPRESENTATION_CONTEXT() REPRESENTATION_CONTEXT('2D SPACE',''
  ) );
#1631 = ORIENTED_EDGE('',*,*,#1582,.F.);
#1632 = ADVANCED_FACE('',(#1633),#1559,.F.);
#1633 = FACE_BOUND('',#1634,.F.);
#1634 = EDGE_LOOP('',(#1635,#1636,#1659,#1686));
#1635 = ORIENTED_EDGE('',*,*,#1542,.T.);
#1636 = ORIENTED_EDGE('',*,*,#1637,.T.);
#1637 = EDGE_CURVE('',#1543,#1638,#1640,.T.);
#1638 = VERTEX_POINT('',#1639);
#1639 = CARTESIAN_POINT('',(4.4,-15.87426406871,10.2));
#1640 = SEAM_CURVE('',#1641,(#1645,#1652),.PCURVE_S1.);
#1641 = LINE('',#1642,#1643);
#1642 = CARTESIAN_POINT('',(4.4,-4.125735931288,10.2));
#1643 = VECTOR('',#1644,1.);
#1644 = DIRECTION('',(0.,-1.,0.));
#1645 = PCURVE('',#1559,#1646);
#1646 = DEFINITIONAL_REPRESENTATION('',(#1647),#1651);
#1647 = LINE('',#1648,#1649);
#1648 = CARTESIAN_POINT('',(0.,0.));
#1649 = VECTOR('',#1650,1.);
#1650 = DIRECTION('',(0.,1.));
#1651 = ( GEOMETRIC_REPRESENTATION_CONTEXT(2) 
PARAMETRIC_REPRESENTATION_CONTEXT() REPRESENTATION_CONTEXT('2D SPACE',''
  ) );
#1652 = PCURVE('',#1559,#1653);
#1653 = DEFINITIONAL_REPRESENTATION('',(#1654),#1658);
#1654 = LINE('',#1655,#1656);
#1655 = CARTESIAN_POINT('',(6.28318530718,0.));
#1656 = VECTOR('',#1657,1.);
#1657 = DIRECTION('',(0.,1.));
#1658 = ( GEOMETRIC_REPRESENTATION_CONTEXT(2) 
PARAMETRIC_REPRESENTATION_CONTEXT() REPRESENTATION_CONTEXT('2D SPACE',''
  ) );
#1659 = ORIENTED_EDGE('',*,*,#1660,.F.);
#1660 = EDGE_CURVE('',#1638,#1638,#1661,.T.);
#1661 = SURFACE_CURVE('',#1662,(#1667,#1674),.PCURVE_S1.);
#1662 = CIRCLE('',#1663,4.4);
#1663 = AXIS2_PLACEMENT_3D('',#1664,#1665,#1666);
#1664 = CARTESIAN_POINT('',(0.,-15.87426406871,10.2));
#1665 = DIRECTION('',(-0.,-1.,0.));
#1666 = DIRECTION('',(1.,-0.,0.));
#1667 = PCURVE('',#1559,#1668);
#1668 = DEFINITIONAL_REPRESENTATION('',(#1669),#1673);
#1669 = LINE('',#1670,#1671);
#1670 = CARTESIAN_POINT('',(0.,11.748528137424));
#1671 = VECTOR('',#1672,1.);
#1672 = DIRECTION('',(1.,0.));
#1673 = ( GEOMETRIC_REPRESENTATION_CONTEXT(2) 
PARAMETRIC_REPRESENTATION_CONTEXT() REPRESENTATION_CONTEXT('2D SPACE',''
  ) );
#1674 = PCURVE('',#1675,#1680);
#1675 = CONICAL_SURFACE('',#1676,4.4,0.785398163397);
#1676 = AXIS2_PLACEMENT_3D('',#1677,#1678,#1679);
#1677 = CARTESIAN_POINT('',(0.,-15.87426406871,10.2));
#1678 = DIRECTION('',(0.,1.,0.));
#1679 = DIRECTION('',(1.,-0.,0.));
#1680 = DEFINITIONAL_REPRESENTATION('',(#1681),#1685);
#1681 = LINE('',#1682,#1683);
#1682 = CARTESIAN_POINT('',(-0.,-0.));
#1683 = VECTOR('',#1684,1.);
#1684 = DIRECTION('',(-1.,-0.));
#1685 = ( GEOMETRIC_REPRESENTATION_CONTEXT(2) 
PARAMETRIC_REPRESENTATION_CONTEXT() REPRESENTATION_CONTEXT('2D SPACE',''
  ) );
#1686 = ORIENTED_EDGE('',*,*,#1637,.F.);
#1687 = ADVANCED_FACE('',(#1688),#1620,.F.);
#1688 = FACE_BOUND('',#1689,.T.);
#1689 = EDGE_LOOP('',(#1690,#1713,#1714,#1715));
#1690 = ORIENTED_EDGE('',*,*,#1691,.F.);
#1691 = EDGE_CURVE('',#1583,#1692,#1694,.T.);
#1692 = VERTEX_POINT('',#1693);
#1693 = CARTESIAN_POINT('',(7.426406871193E-02,-20.2,10.2));
#1694 = SEAM_CURVE('',#1695,(#1699,#1706),.PCURVE_S1.);
#1695 = LINE('',#1696,#1697);
#1696 = CARTESIAN_POINT('',(4.4,-24.52573593128,10.2));
#1697 = VECTOR('',#1698,1.);
#1698 = DIRECTION('',(-0.707106781187,0.707106781187,0.));
#1699 = PCURVE('',#1620,#1700);
#1700 = DEFINITIONAL_REPRESENTATION('',(#1701),#1705);
#1701 = LINE('',#1702,#1703);
#1702 = CARTESIAN_POINT('',(0.,-0.));
#1703 = VECTOR('',#1704,1.);
#1704 = DIRECTION('',(0.,-1.));
#1705 = ( GEOMETRIC_REPRESENTATION_CONTEXT(2) 
PARAMETRIC_REPRESENTATION_CONTEXT() REPRESENTATION_CONTEXT('2D SPACE',''
  ) );
#1706 = PCURVE('',#1620,#1707);
#1707 = DEFINITIONAL_REPRESENTATION('',(#1708),#1712);
#1708 = LINE('',#1709,#1710);
#1709 = CARTESIAN_POINT('',(6.28318530718,-0.));
#1710 = VECTOR('',#1711,1.);
#1711 = DIRECTION('',(0.,-1.));
#1712 = ( GEOMETRIC_REPRESENTATION_CONTEXT(2) 
PARAMETRIC_REPRESENTATION_CONTEXT() REPRESENTATION_CONTEXT('2D SPACE',''
  ) );
#1713 = ORIENTED_EDGE('',*,*,#1605,.T.);
#1714 = ORIENTED_EDGE('',*,*,#1691,.T.);
#1715 = ORIENTED_EDGE('',*,*,#1716,.F.);
#1716 = EDGE_CURVE('',#1692,#1692,#1717,.T.);
#1717 = SURFACE_CURVE('',#1718,(#1723,#1730),.PCURVE_S1.);
#1718 = CIRCLE('',#1719,7.426406871193E-02);
#1719 = AXIS2_PLACEMENT_3D('',#1720,#1721,#1722);
#1720 = CARTESIAN_POINT('',(0.,-20.2,10.2));
#1721 = DIRECTION('',(0.,-1.,-0.));
#1722 = DIRECTION('',(0.,0.,-1.));
#1723 = PCURVE('',#1620,#1724);
#1724 = DEFINITIONAL_REPRESENTATION('',(#1725),#1729);
#1725 = LINE('',#1726,#1727);
#1726 = CARTESIAN_POINT('',(-1.570796326795,-4.325735931288));
#1727 = VECTOR('',#1728,1.);
#1728 = DIRECTION('',(1.,-0.));
#1729 = ( GEOMETRIC_REPRESENTATION_CONTEXT(2) 
PARAMETRIC_REPRESENTATION_CONTEXT() REPRESENTATION_CONTEXT('2D SPACE',''
  ) );
#1730 = PCURVE('',#1675,#1731);
#1731 = DEFINITIONAL_REPRESENTATION('',(#1732),#1736);
#1732 = LINE('',#1733,#1734);
#1733 = CARTESIAN_POINT('',(1.570796326795,-4.325735931288));
#1734 = VECTOR('',#1735,1.);
#1735 = DIRECTION('',(-1.,-0.));
#1736 = ( GEOMETRIC_REPRESENTATION_CONTEXT(2) 
PARAMETRIC_REPRESENTATION_CONTEXT() REPRESENTATION_CONTEXT('2D SPACE',''
  ) );
#1737 = ADVANCED_FACE('',(#1738),#1675,.F.);
#1738 = FACE_BOUND('',#1739,.F.);
#1739 = EDGE_LOOP('',(#1740,#1761,#1762,#1763));
#1740 = ORIENTED_EDGE('',*,*,#1741,.F.);
#1741 = EDGE_CURVE('',#1638,#1692,#1742,.T.);
#1742 = SEAM_CURVE('',#1743,(#1747,#1754),.PCURVE_S1.);
#1743 = LINE('',#1744,#1745);
#1744 = CARTESIAN_POINT('',(4.4,-15.87426406871,10.2));
#1745 = VECTOR('',#1746,1.);
#1746 = DIRECTION('',(-0.707106781187,-0.707106781187,0.));
#1747 = PCURVE('',#1675,#1748);
#1748 = DEFINITIONAL_REPRESENTATION('',(#1749),#1753);
#1749 = LINE('',#1750,#1751);
#1750 = CARTESIAN_POINT('',(-0.,-0.));
#1751 = VECTOR('',#1752,1.);
#1752 = DIRECTION('',(-0.,-1.));
#1753 = ( GEOMETRIC_REPRESENTATION_CONTEXT(2) 
PARAMETRIC_REPRESENTATION_CONTEXT() REPRESENTATION_CONTEXT('2D SPACE',''
  ) );
#1754 = PCURVE('',#1675,#1755);
#1755 = DEFINITIONAL_REPRESENTATION('',(#1756),#1760);
#1756 = LINE('',#1757,#1758);
#1757 = CARTESIAN_POINT('',(-6.28318530718,-0.));
#1758 = VECTOR('',#1759,1.);
#1759 = DIRECTION('',(-0.,-1.));
#1760 = ( GEOMETRIC_REPRESENTATION_CONTEXT(2) 
PARAMETRIC_REPRESENTATION_CONTEXT() REPRESENTATION_CONTEXT('2D SPACE',''
  ) );
#1761 = ORIENTED_EDGE('',*,*,#1660,.T.);
#1762 = ORIENTED_EDGE('',*,*,#1741,.T.);
#1763 = ORIENTED_EDGE('',*,*,#1716,.F.);
#1764 = ( GEOMETRIC_REPRESENTATION_CONTEXT(3) 
GLOBAL_UNCERTAINTY_ASSIGNED_CONTEXT((#1768)) 
GLOBAL_UNIT_ASSIGNED_CONTEXT((#1765,#1766,#1767)) REPRESENTATION_CONTEXT
('Context #1','3D Context with UNIT and UNCERTAINTY') );
#1765 = ( LENGTH_UNIT() NAMED_UNIT(*) SI_UNIT(.MILLI.,.METRE.) );
#1766 = ( NAMED_UNIT(*) PLANE_ANGLE_UNIT() SI_UNIT($,.RADIAN.) );
#1767 = ( NAMED_UNIT(*) SI_UNIT($,.STERADIAN.) SOLID_ANGLE_UNIT() );
#1768 = UNCERTAINTY_MEASURE_WITH_UNIT(LENGTH_MEASURE(1.E-07),#1765,
  'distance_accuracy_value','confusion accuracy');
#1769 = CONTEXT_DEPENDENT_SHAPE_REPRESENTATION(#1770,#1772);
#1770 = ( REPRESENTATION_RELATIONSHIP('','',#36,#10) 
REPRESENTATION_RELATIONSHIP_WITH_TRANSFORMATION(#1771) 
SHAPE_REPRESENTATION_RELATIONSHIP() );
#1771 = ITEM_DEFINED_TRANSFORMATION('','',#11,#15);
#1772 = PRODUCT_DEFINITION_SHAPE('Placement','Placement of an item',
  #1773);
#1773 = NEXT_ASSEMBLY_USAGE_OCCURRENCE('1','cylinder_side','',#5,#31,$);
#1774 = PRODUCT_RELATED_PRODUCT_CATEGORY('part',$,(#33));
#1775 = SHAPE_DEFINITION_REPRESENTATION(#1776,#1782);
#1776 = PRODUCT_DEFINITION_SHAPE('','',#1777);
#1777 = PRODUCT_DEFINITION('design','',#1778,#1781);
#1778 = PRODUCT_DEFINITION_FORMATION('','',#1779);
#1779 = PRODUCT('pin_side','pin_side','',(#1780));
#1780 = PRODUCT_CONTEXT('',#2,'mechanical');
#1781 = PRODUCT_DEFINITION_CONTEXT('part definition',#2,'design');
#1782 = SHAPE_REPRESENTATION('',(#11,#1783,#2231,#2787,#3343),#3787);
#1783 = MANIFOLD_SOLID_BREP('',#1784);
#1784 = CLOSED_SHELL('',(#1785,#1903,#1985,#2065,#2114,#2141,#2148,#2203
    ));
#1785 = ADVANCED_FACE('',(#1786),#1800,.T.);
#1786 = FACE_BOUND('',#1787,.T.);
#1787 = EDGE_LOOP('',(#1788,#1823,#1851,#1879));
#1788 = ORIENTED_EDGE('',*,*,#1789,.T.);
#1789 = EDGE_CURVE('',#1790,#1792,#1794,.T.);
#1790 = VERTEX_POINT('',#1791);
#1791 = CARTESIAN_POINT('',(-10.19803902718,25.15,10.));
#1792 = VERTEX_POINT('',#1793);
#1793 = CARTESIAN_POINT('',(-10.19803902718,30.,10.));
#1794 = SURFACE_CURVE('',#1795,(#1799,#1811),.PCURVE_S1.);
#1795 = LINE('',#1796,#1797);
#1796 = CARTESIAN_POINT('',(-10.19803902718,-30.,10.));
#1797 = VECTOR('',#1798,1.);
#1798 = DIRECTION('',(0.,1.,0.));
#1799 = PCURVE('',#1800,#1805);
#1800 = PLANE('',#1801);
#1801 = AXIS2_PLACEMENT_3D('',#1802,#1803,#1804);
#1802 = CARTESIAN_POINT('',(-10.19803902718,0.,10.));
#1803 = DIRECTION('',(0.,0.,1.));
#1804 = DIRECTION('',(-1.,0.,0.));
#1805 = DEFINITIONAL_REPRESENTATION('',(#1806),#1810);
#1806 = LINE('',#1807,#1808);
#1807 = CARTESIAN_POINT('',(0.,30.));
#1808 = VECTOR('',#1809,1.);
#1809 = DIRECTION('',(0.,-1.));
#1810 = ( GEOMETRIC_REPRESENTATION_CONTEXT(2) 
PARAMETRIC_REPRESENTATION_CONTEXT() REPRESENTATION_CONTEXT('2D SPACE',''
  ) );
#1811 = PCURVE('',#1812,#1817);
#1812 = CYLINDRICAL_SURFACE('',#1813,10.2);
#1813 = AXIS2_PLACEMENT_3D('',#1814,#1815,#1816);
#1814 = CARTESIAN_POINT('',(0.,0.,10.2));
#1815 = DIRECTION('',(0.,-1.,0.));
#1816 = DIRECTION('',(1.,0.,0.));
#1817 = DEFINITIONAL_REPRESENTATION('',(#1818),#1822);
#1818 = LINE('',#1819,#1820);
#1819 = CARTESIAN_POINT('',(3.161201753374,30.));
#1820 = VECTOR('',#1821,1.);
#1821 = DIRECTION('',(0.,-1.));
#1822 = ( GEOMETRIC_REPRESENTATION_CONTEXT(2) 
PARAMETRIC_REPRESENTATION_CONTEXT() REPRESENTATION_CONTEXT('2D SPACE',''
  ) );
#1823 = ORIENTED_EDGE('',*,*,#1824,.T.);
#1824 = EDGE_CURVE('',#1792,#1825,#1827,.T.);
#1825 = VERTEX_POINT('',#1826);
#1826 = CARTESIAN_POINT('',(-10.7,30.,10.));
#1827 = SURFACE_CURVE('',#1828,(#1832,#1839),.PCURVE_S1.);
#1828 = LINE('',#1829,#1830);
#1829 = CARTESIAN_POINT('',(-10.19803902718,30.,10.));
#1830 = VECTOR('',#1831,1.);
#1831 = DIRECTION('',(-1.,0.,0.));
#1832 = PCURVE('',#1800,#1833);
#1833 = DEFINITIONAL_REPRESENTATION('',(#1834),#1838);
#1834 = LINE('',#1835,#1836);
#1835 = CARTESIAN_POINT('',(0.,-30.));
#1836 = VECTOR('',#1837,1.);
#1837 = DIRECTION('',(1.,0.));
#1838 = ( GEOMETRIC_REPRESENTATION_CONTEXT(2) 
PARAMETRIC_REPRESENTATION_CONTEXT() REPRESENTATION_CONTEXT('2D SPACE',''
  ) );
#1839 = PCURVE('',#1840,#1845);
#1840 = PLANE('',#1841);
#1841 = AXIS2_PLACEMENT_3D('',#1842,#1843,#1844);
#1842 = CARTESIAN_POINT('',(-1.510431565487,30.,8.83926777793));
#1843 = DIRECTION('',(0.,-1.,0.));
#1844 = DIRECTION('',(1.,0.,0.));
#1845 = DEFINITIONAL_REPRESENTATION('',(#1846),#1850);
#1846 = LINE('',#1847,#1848);
#1847 = CARTESIAN_POINT('',(-8.687607461699,1.16073222207));
#1848 = VECTOR('',#1849,1.);
#1849 = DIRECTION('',(-1.,0.));
#1850 = ( GEOMETRIC_REPRESENTATION_CONTEXT(2) 
PARAMETRIC_REPRESENTATION_CONTEXT() REPRESENTATION_CONTEXT('2D SPACE',''
  ) );
#1851 = ORIENTED_EDGE('',*,*,#1852,.T.);
#1852 = EDGE_CURVE('',#1825,#1853,#1855,.T.);
#1853 = VERTEX_POINT('',#1854);
#1854 = CARTESIAN_POINT('',(-10.7,25.15,10.));
#1855 = SURFACE_CURVE('',#1856,(#1860,#1867),.PCURVE_S1.);
#1856 = LINE('',#1857,#1858);
#1857 = CARTESIAN_POINT('',(-10.7,30.,10.));
#1858 = VECTOR('',#1859,1.);
#1859 = DIRECTION('',(0.,-1.,0.));
#1860 = PCURVE('',#1800,#1861);
#1861 = DEFINITIONAL_REPRESENTATION('',(#1862),#1866);
#1862 = LINE('',#1863,#1864);
#1863 = CARTESIAN_POINT('',(0.501960972814,-30.));
#1864 = VECTOR('',#1865,1.);
#1865 = DIRECTION('',(0.,1.));
#1866 = ( GEOMETRIC_REPRESENTATION_CONTEXT(2) 
PARAMETRIC_REPRESENTATION_CONTEXT() REPRESENTATION_CONTEXT('2D SPACE',''
  ) );
#1867 = PCURVE('',#1868,#1873);
#1868 = PLANE('',#1869);
#1869 = AXIS2_PLACEMENT_3D('',#1870,#1871,#1872);
#1870 = CARTESIAN_POINT('',(-10.7,0.,10.));
#1871 = DIRECTION('',(-1.,-0.,-0.));
#1872 = DIRECTION('',(0.,0.,-1.));
#1873 = DEFINITIONAL_REPRESENTATION('',(#1874),#1878);
#1874 = LINE('',#1875,#1876);
#1875 = CARTESIAN_POINT('',(0.,-30.));
#1876 = VECTOR('',#1877,1.);
#1877 = DIRECTION('',(0.,1.));
#1878 = ( GEOMETRIC_REPRESENTATION_CONTEXT(2) 
PARAMETRIC_REPRESENTATION_CONTEXT() REPRESENTATION_CONTEXT('2D SPACE',''
  ) );
#1879 = ORIENTED_EDGE('',*,*,#1880,.F.);
#1880 = EDGE_CURVE('',#1790,#1853,#1881,.T.);
#1881 = SURFACE_CURVE('',#1882,(#1886,#1892),.PCURVE_S1.);
#1882 = LINE('',#1883,#1884);
#1883 = CARTESIAN_POINT('',(30.300980486407,25.15,10.));
#1884 = VECTOR('',#1885,1.);
#1885 = DIRECTION('',(-1.,0.,0.));
#1886 = PCURVE('',#1800,#1887);
#1887 = DEFINITIONAL_REPRESENTATION('',(#1888),#1891);
#1888 = B_SPLINE_CURVE_WITH_KNOTS('',1,(#1889,#1890),.UNSPECIFIED.,.F.,
  .F.,(2,2),(40.499019513593,41.000980486407),.PIECEWISE_BEZIER_KNOTS.);
#1889 = CARTESIAN_POINT('',(0.,-25.15));
#1890 = CARTESIAN_POINT('',(0.501960972814,-25.15));
#1891 = ( GEOMETRIC_REPRESENTATION_CONTEXT(2) 
PARAMETRIC_REPRESENTATION_CONTEXT() REPRESENTATION_CONTEXT('2D SPACE',''
  ) );
#1892 = PCURVE('',#1893,#1898);
#1893 = PLANE('',#1894);
#1894 = AXIS2_PLACEMENT_3D('',#1895,#1896,#1897);
#1895 = CARTESIAN_POINT('',(70.8,25.15,10.2));
#1896 = DIRECTION('',(0.,1.,-0.));
#1897 = DIRECTION('',(-1.,0.,0.));
#1898 = DEFINITIONAL_REPRESENTATION('',(#1899),#1902);
#1899 = B_SPLINE_CURVE_WITH_KNOTS('',1,(#1900,#1901),.UNSPECIFIED.,.F.,
  .F.,(2,2),(40.499019513593,41.000980486407),.PIECEWISE_BEZIER_KNOTS.);
#1900 = CARTESIAN_POINT('',(80.998039027186,-0.2));
#1901 = CARTESIAN_POINT('',(81.5,-0.2));
#1902 = ( GEOMETRIC_REPRESENTATION_CONTEXT(2) 
PARAMETRIC_REPRESENTATION_CONTEXT() REPRESENTATION_CONTEXT('2D SPACE',''
  ) );
#1903 = ADVANCED_FACE('',(#1904),#1812,.T.);
#1904 = FACE_BOUND('',#1905,.T.);
#1905 = EDGE_LOOP('',(#1906,#1936,#1958,#1959));
#1906 = ORIENTED_EDGE('',*,*,#1907,.T.);
#1907 = EDGE_CURVE('',#1908,#1910,#1912,.T.);
#1908 = VERTEX_POINT('',#1909);
#1909 = CARTESIAN_POINT('',(-9.368548013477E-16,25.15,0.));
#1910 = VERTEX_POINT('',#1911);
#1911 = CARTESIAN_POINT('',(-9.368548013477E-16,30.,0.));
#1912 = SURFACE_CURVE('',#1913,(#1917,#1924),.PCURVE_S1.);
#1913 = LINE('',#1914,#1915);
#1914 = CARTESIAN_POINT('',(-9.368548013477E-16,-30.,0.));
#1915 = VECTOR('',#1916,1.);
#1916 = DIRECTION('',(0.,1.,0.));
#1917 = PCURVE('',#1812,#1918);
#1918 = DEFINITIONAL_REPRESENTATION('',(#1919),#1923);
#1919 = LINE('',#1920,#1921);
#1920 = CARTESIAN_POINT('',(-1.570796326795,30.));
#1921 = VECTOR('',#1922,1.);
#1922 = DIRECTION('',(0.,-1.));
#1923 = ( GEOMETRIC_REPRESENTATION_CONTEXT(2) 
PARAMETRIC_REPRESENTATION_CONTEXT() REPRESENTATION_CONTEXT('2D SPACE',''
  ) );
#1924 = PCURVE('',#1925,#1930);
#1925 = PLANE('',#1926);
#1926 = AXIS2_PLACEMENT_3D('',#1927,#1928,#1929);
#1927 = CARTESIAN_POINT('',(-10.7,0.,0.));
#1928 = DIRECTION('',(0.,0.,-1.));
#1929 = DIRECTION('',(1.,0.,0.));
#1930 = DEFINITIONAL_REPRESENTATION('',(#1931),#1935);
#1931 = LINE('',#1932,#1933);
#1932 = CARTESIAN_POINT('',(10.7,30.));
#1933 = VECTOR('',#1934,1.);
#1934 = DIRECTION('',(0.,-1.));
#1935 = ( GEOMETRIC_REPRESENTATION_CONTEXT(2) 
PARAMETRIC_REPRESENTATION_CONTEXT() REPRESENTATION_CONTEXT('2D SPACE',''
  ) );
#1936 = ORIENTED_EDGE('',*,*,#1937,.T.);
#1937 = EDGE_CURVE('',#1910,#1792,#1938,.T.);
#1938 = SURFACE_CURVE('',#1939,(#1944,#1951),.PCURVE_S1.);
#1939 = CIRCLE('',#1940,10.2);
#1940 = AXIS2_PLACEMENT_3D('',#1941,#1942,#1943);
#1941 = CARTESIAN_POINT('',(0.,30.,10.2));
#1942 = DIRECTION('',(0.,-1.,0.));
#1943 = DIRECTION('',(1.,0.,0.));
#1944 = PCURVE('',#1812,#1945);
#1945 = DEFINITIONAL_REPRESENTATION('',(#1946),#1950);
#1946 = LINE('',#1947,#1948);
#1947 = CARTESIAN_POINT('',(-6.28318530718,-30.));
#1948 = VECTOR('',#1949,1.);
#1949 = DIRECTION('',(1.,0.));
#1950 = ( GEOMETRIC_REPRESENTATION_CONTEXT(2) 
PARAMETRIC_REPRESENTATION_CONTEXT() REPRESENTATION_CONTEXT('2D SPACE',''
  ) );
#1951 = PCURVE('',#1840,#1952);
#1952 = DEFINITIONAL_REPRESENTATION('',(#1953),#1957);
#1953 = CIRCLE('',#1954,10.2);
#1954 = AXIS2_PLACEMENT_2D('',#1955,#1956);
#1955 = CARTESIAN_POINT('',(1.510431565487,1.36073222207));
#1956 = DIRECTION('',(1.,0.));
#1957 = ( GEOMETRIC_REPRESENTATION_CONTEXT(2) 
PARAMETRIC_REPRESENTATION_CONTEXT() REPRESENTATION_CONTEXT('2D SPACE',''
  ) );
#1958 = ORIENTED_EDGE('',*,*,#1789,.F.);
#1959 = ORIENTED_EDGE('',*,*,#1960,.F.);
#1960 = EDGE_CURVE('',#1908,#1790,#1961,.T.);
#1961 = SURFACE_CURVE('',#1962,(#1967,#1974),.PCURVE_S1.);
#1962 = CIRCLE('',#1963,10.2);
#1963 = AXIS2_PLACEMENT_3D('',#1964,#1965,#1966);
#1964 = CARTESIAN_POINT('',(0.,25.15,10.2));
#1965 = DIRECTION('',(0.,-1.,0.));
#1966 = DIRECTION('',(1.,0.,0.));
#1967 = PCURVE('',#1812,#1968);
#1968 = DEFINITIONAL_REPRESENTATION('',(#1969),#1973);
#1969 = LINE('',#1970,#1971);
#1970 = CARTESIAN_POINT('',(-6.28318530718,-25.15));
#1971 = VECTOR('',#1972,1.);
#1972 = DIRECTION('',(1.,0.));
#1973 = ( GEOMETRIC_REPRESENTATION_CONTEXT(2) 
PARAMETRIC_REPRESENTATION_CONTEXT() REPRESENTATION_CONTEXT('2D SPACE',''
  ) );
#1974 = PCURVE('',#1893,#1975);
#1975 = DEFINITIONAL_REPRESENTATION('',(#1976),#1984);
#1976 = ( BOUNDED_CURVE() B_SPLINE_CURVE(2,(#1977,#1978,#1979,#1980,
#1981,#1982,#1983),.UNSPECIFIED.,.T.,.F.) B_SPLINE_CURVE_WITH_KNOTS((1,2
    ,2,2,2,1),(-2.094395102393,0.,2.094395102393,4.188790204786,
6.28318530718,8.377580409573),.UNSPECIFIED.) CURVE() 
GEOMETRIC_REPRESENTATION_ITEM() RATIONAL_B_SPLINE_CURVE((1.,0.5,1.,0.5,
1.,0.5,1.)) REPRESENTATION_ITEM('') );
#1977 = CARTESIAN_POINT('',(60.6,0.));
#1978 = CARTESIAN_POINT('',(60.6,17.666918237203));
#1979 = CARTESIAN_POINT('',(75.9,8.833459118601));
#1980 = CARTESIAN_POINT('',(91.2,2.498279470261E-15));
#1981 = CARTESIAN_POINT('',(75.9,-8.833459118601));
#1982 = CARTESIAN_POINT('',(60.6,-17.6669182372));
#1983 = CARTESIAN_POINT('',(60.6,0.));
#1984 = ( GEOMETRIC_REPRESENTATION_CONTEXT(2) 
PARAMETRIC_REPRESENTATION_CONTEXT() REPRESENTATION_CONTEXT('2D SPACE',''
  ) );
#1985 = ADVANCED_FACE('',(#1986,#2030),#1893,.F.);
#1986 = FACE_BOUND('',#1987,.F.);
#1987 = EDGE_LOOP('',(#1988,#1989,#1990,#2011));
#1988 = ORIENTED_EDGE('',*,*,#1880,.F.);
#1989 = ORIENTED_EDGE('',*,*,#1960,.F.);
#1990 = ORIENTED_EDGE('',*,*,#1991,.F.);
#1991 = EDGE_CURVE('',#1992,#1908,#1994,.T.);
#1992 = VERTEX_POINT('',#1993);
#1993 = CARTESIAN_POINT('',(-10.7,25.15,0.));
#1994 = SURFACE_CURVE('',#1995,(#1999,#2005),.PCURVE_S1.);
#1995 = LINE('',#1996,#1997);
#1996 = CARTESIAN_POINT('',(30.05,25.15,0.));
#1997 = VECTOR('',#1998,1.);
#1998 = DIRECTION('',(1.,0.,0.));
#1999 = PCURVE('',#1893,#2000);
#2000 = DEFINITIONAL_REPRESENTATION('',(#2001),#2004);
#2001 = B_SPLINE_CURVE_WITH_KNOTS('',1,(#2002,#2003),.UNSPECIFIED.,.F.,
  .F.,(2,2),(-40.75,-30.05),.PIECEWISE_BEZIER_KNOTS.);
#2002 = CARTESIAN_POINT('',(81.5,-10.2));
#2003 = CARTESIAN_POINT('',(70.8,-10.2));
#2004 = ( GEOMETRIC_REPRESENTATION_CONTEXT(2) 
PARAMETRIC_REPRESENTATION_CONTEXT() REPRESENTATION_CONTEXT('2D SPACE',''
  ) );
#2005 = PCURVE('',#1925,#2006);
#2006 = DEFINITIONAL_REPRESENTATION('',(#2007),#2010);
#2007 = B_SPLINE_CURVE_WITH_KNOTS('',1,(#2008,#2009),.UNSPECIFIED.,.F.,
  .F.,(2,2),(-40.75,-30.05),.PIECEWISE_BEZIER_KNOTS.);
#2008 = CARTESIAN_POINT('',(0.,-25.15));
#2009 = CARTESIAN_POINT('',(10.7,-25.15));
#2010 = ( GEOMETRIC_REPRESENTATION_CONTEXT(2) 
PARAMETRIC_REPRESENTATION_CONTEXT() REPRESENTATION_CONTEXT('2D SPACE',''
  ) );
#2011 = ORIENTED_EDGE('',*,*,#2012,.F.);
#2012 = EDGE_CURVE('',#1853,#1992,#2013,.T.);
#2013 = SURFACE_CURVE('',#2014,(#2018,#2024),.PCURVE_S1.);
#2014 = LINE('',#2015,#2016);
#2015 = CARTESIAN_POINT('',(-10.7,25.15,10.1));
#2016 = VECTOR('',#2017,1.);
#2017 = DIRECTION('',(0.,-0.,-1.));
#2018 = PCURVE('',#1893,#2019);
#2019 = DEFINITIONAL_REPRESENTATION('',(#2020),#2023);
#2020 = B_SPLINE_CURVE_WITH_KNOTS('',1,(#2021,#2022),.UNSPECIFIED.,.F.,
  .F.,(2,2),(0.1,10.1),.PIECEWISE_BEZIER_KNOTS.);
#2021 = CARTESIAN_POINT('',(81.5,-0.2));
#2022 = CARTESIAN_POINT('',(81.5,-10.2));
#2023 = ( GEOMETRIC_REPRESENTATION_CONTEXT(2) 
PARAMETRIC_REPRESENTATION_CONTEXT() REPRESENTATION_CONTEXT('2D SPACE',''
  ) );
#2024 = PCURVE('',#1868,#2025);
#2025 = DEFINITIONAL_REPRESENTATION('',(#2026),#2029);
#2026 = B_SPLINE_CURVE_WITH_KNOTS('',1,(#2027,#2028),.UNSPECIFIED.,.F.,
  .F.,(2,2),(0.1,10.1),.PIECEWISE_BEZIER_KNOTS.);
#2027 = CARTESIAN_POINT('',(0.,-25.15));
#2028 = CARTESIAN_POINT('',(10.,-25.15));
#2029 = ( GEOMETRIC_REPRESENTATION_CONTEXT(2) 
PARAMETRIC_REPRESENTATION_CONTEXT() REPRESENTATION_CONTEXT('2D SPACE',''
  ) );
#2030 = FACE_BOUND('',#2031,.F.);
#2031 = EDGE_LOOP('',(#2032));
#2032 = ORIENTED_EDGE('',*,*,#2033,.T.);
#2033 = EDGE_CURVE('',#2034,#2034,#2036,.T.);
#2034 = VERTEX_POINT('',#2035);
#2035 = CARTESIAN_POINT('',(4.1,25.15,10.2));
#2036 = SURFACE_CURVE('',#2037,(#2042,#2053),.PCURVE_S1.);
#2037 = CIRCLE('',#2038,4.1);
#2038 = AXIS2_PLACEMENT_3D('',#2039,#2040,#2041);
#2039 = CARTESIAN_POINT('',(0.,25.15,10.2));
#2040 = DIRECTION('',(-0.,-1.,0.));
#2041 = DIRECTION('',(1.,-0.,0.));
#2042 = PCURVE('',#1893,#2043);
#2043 = DEFINITIONAL_REPRESENTATION('',(#2044),#2052);
#2044 = ( BOUNDED_CURVE() B_SPLINE_CURVE(2,(#2045,#2046,#2047,#2048,
#2049,#2050,#2051),.UNSPECIFIED.,.T.,.F.) B_SPLINE_CURVE_WITH_KNOTS((1,2
    ,2,2,2,1),(-2.094395102393,0.,2.094395102393,4.188790204786,
6.28318530718,8.377580409573),.UNSPECIFIED.) CURVE() 
GEOMETRIC_REPRESENTATION_ITEM() RATIONAL_B_SPLINE_CURVE((1.,0.5,1.,0.5,
1.,0.5,1.)) REPRESENTATION_ITEM('') );
#2045 = CARTESIAN_POINT('',(66.7,0.));
#2046 = CARTESIAN_POINT('',(66.7,7.101408311032));
#2047 = CARTESIAN_POINT('',(72.85,3.550704155516));
#2048 = CARTESIAN_POINT('',(79.,1.004210375301E-15));
#2049 = CARTESIAN_POINT('',(72.85,-3.550704155516));
#2050 = CARTESIAN_POINT('',(66.7,-7.101408311032));
#2051 = CARTESIAN_POINT('',(66.7,0.));
#2052 = ( GEOMETRIC_REPRESENTATION_CONTEXT(2) 
PARAMETRIC_REPRESENTATION_CONTEXT() REPRESENTATION_CONTEXT('2D SPACE',''
  ) );
#2053 = PCURVE('',#2054,#2059);
#2054 = CYLINDRICAL_SURFACE('',#2055,4.1);
#2055 = AXIS2_PLACEMENT_3D('',#2056,#2057,#2058);
#2056 = CARTESIAN_POINT('',(0.,27.983333333333,10.2));
#2057 = DIRECTION('',(-0.,-1.,-0.));
#2058 = DIRECTION('',(1.,-0.,0.));
#2059 = DEFINITIONAL_REPRESENTATION('',(#2060),#2064);
#2060 = LINE('',#2061,#2062);
#2061 = CARTESIAN_POINT('',(0.,2.833333333333));
#2062 = VECTOR('',#2063,1.);
#2063 = DIRECTION('',(1.,0.));
#2064 = ( GEOMETRIC_REPRESENTATION_CONTEXT(2) 
PARAMETRIC_REPRESENTATION_CONTEXT() REPRESENTATION_CONTEXT('2D SPACE',''
  ) );
#2065 = ADVANCED_FACE('',(#2066),#1868,.T.);
#2066 = FACE_BOUND('',#2067,.T.);
#2067 = EDGE_LOOP('',(#2068,#2069,#2092,#2113));
#2068 = ORIENTED_EDGE('',*,*,#1852,.F.);
#2069 = ORIENTED_EDGE('',*,*,#2070,.T.);
#2070 = EDGE_CURVE('',#1825,#2071,#2073,.T.);
#2071 = VERTEX_POINT('',#2072);
#2072 = CARTESIAN_POINT('',(-10.7,30.,0.));
#2073 = SURFACE_CURVE('',#2074,(#2078,#2085),.PCURVE_S1.);
#2074 = LINE('',#2075,#2076);
#2075 = CARTESIAN_POINT('',(-10.7,30.,10.));
#2076 = VECTOR('',#2077,1.);
#2077 = DIRECTION('',(0.,0.,-1.));
#2078 = PCURVE('',#1868,#2079);
#2079 = DEFINITIONAL_REPRESENTATION('',(#2080),#2084);
#2080 = LINE('',#2081,#2082);
#2081 = CARTESIAN_POINT('',(0.,-30.));
#2082 = VECTOR('',#2083,1.);
#2083 = DIRECTION('',(1.,0.));
#2084 = ( GEOMETRIC_REPRESENTATION_CONTEXT(2) 
PARAMETRIC_REPRESENTATION_CONTEXT() REPRESENTATION_CONTEXT('2D SPACE',''
  ) );
#2085 = PCURVE('',#1840,#2086);
#2086 = DEFINITIONAL_REPRESENTATION('',(#2087),#2091);
#2087 = LINE('',#2088,#2089);
#2088 = CARTESIAN_POINT('',(-9.189568434513,1.16073222207));
#2089 = VECTOR('',#2090,1.);
#2090 = DIRECTION('',(0.,-1.));
#2091 = ( GEOMETRIC_REPRESENTATION_CONTEXT(2) 
PARAMETRIC_REPRESENTATION_CONTEXT() REPRESENTATION_CONTEXT('2D SPACE',''
  ) );
#2092 = ORIENTED_EDGE('',*,*,#2093,.T.);
#2093 = EDGE_CURVE('',#2071,#1992,#2094,.T.);
#2094 = SURFACE_CURVE('',#2095,(#2099,#2106),.PCURVE_S1.);
#2095 = LINE('',#2096,#2097);
#2096 = CARTESIAN_POINT('',(-10.7,30.,0.));
#2097 = VECTOR('',#2098,1.);
#2098 = DIRECTION('',(0.,-1.,0.));
#2099 = PCURVE('',#1868,#2100);
#2100 = DEFINITIONAL_REPRESENTATION('',(#2101),#2105);
#2101 = LINE('',#2102,#2103);
#2102 = CARTESIAN_POINT('',(10.,-30.));
#2103 = VECTOR('',#2104,1.);
#2104 = DIRECTION('',(0.,1.));
#2105 = ( GEOMETRIC_REPRESENTATION_CONTEXT(2) 
PARAMETRIC_REPRESENTATION_CONTEXT() REPRESENTATION_CONTEXT('2D SPACE',''
  ) );
#2106 = PCURVE('',#1925,#2107);
#2107 = DEFINITIONAL_REPRESENTATION('',(#2108),#2112);
#2108 = LINE('',#2109,#2110);
#2109 = CARTESIAN_POINT('',(0.,-30.));
#2110 = VECTOR('',#2111,1.);
#2111 = DIRECTION('',(0.,1.));
#2112 = ( GEOMETRIC_REPRESENTATION_CONTEXT(2) 
PARAMETRIC_REPRESENTATION_CONTEXT() REPRESENTATION_CONTEXT('2D SPACE',''
  ) );
#2113 = ORIENTED_EDGE('',*,*,#2012,.F.);
#2114 = ADVANCED_FACE('',(#2115),#1840,.F.);
#2115 = FACE_BOUND('',#2116,.F.);
#2116 = EDGE_LOOP('',(#2117,#2118,#2119,#2140));
#2117 = ORIENTED_EDGE('',*,*,#1824,.T.);
#2118 = ORIENTED_EDGE('',*,*,#2070,.T.);
#2119 = ORIENTED_EDGE('',*,*,#2120,.T.);
#2120 = EDGE_CURVE('',#2071,#1910,#2121,.T.);
#2121 = SURFACE_CURVE('',#2122,(#2126,#2133),.PCURVE_S1.);
#2122 = LINE('',#2123,#2124);
#2123 = CARTESIAN_POINT('',(-10.7,30.,0.));
#2124 = VECTOR('',#2125,1.);
#2125 = DIRECTION('',(1.,0.,0.));
#2126 = PCURVE('',#1840,#2127);
#2127 = DEFINITIONAL_REPRESENTATION('',(#2128),#2132);
#2128 = LINE('',#2129,#2130);
#2129 = CARTESIAN_POINT('',(-9.189568434513,-8.83926777793));
#2130 = VECTOR('',#2131,1.);
#2131 = DIRECTION('',(1.,0.));
#2132 = ( GEOMETRIC_REPRESENTATION_CONTEXT(2) 
PARAMETRIC_REPRESENTATION_CONTEXT() REPRESENTATION_CONTEXT('2D SPACE',''
  ) );
#2133 = PCURVE('',#1925,#2134);
#2134 = DEFINITIONAL_REPRESENTATION('',(#2135),#2139);
#2135 = LINE('',#2136,#2137);
#2136 = CARTESIAN_POINT('',(0.,-30.));
#2137 = VECTOR('',#2138,1.);
#2138 = DIRECTION('',(1.,0.));
#2139 = ( GEOMETRIC_REPRESENTATION_CONTEXT(2) 
PARAMETRIC_REPRESENTATION_CONTEXT() REPRESENTATION_CONTEXT('2D SPACE',''
  ) );
#2140 = ORIENTED_EDGE('',*,*,#1937,.T.);
#2141 = ADVANCED_FACE('',(#2142),#1925,.T.);
#2142 = FACE_BOUND('',#2143,.T.);
#2143 = EDGE_LOOP('',(#2144,#2145,#2146,#2147));
#2144 = ORIENTED_EDGE('',*,*,#2093,.F.);
#2145 = ORIENTED_EDGE('',*,*,#2120,.T.);
#2146 = ORIENTED_EDGE('',*,*,#1907,.F.);
#2147 = ORIENTED_EDGE('',*,*,#1991,.F.);
#2148 = ADVANCED_FACE('',(#2149),#2054,.T.);
#2149 = FACE_BOUND('',#2150,.T.);
#2150 = EDGE_LOOP('',(#2151,#2152,#2175,#2202));
#2151 = ORIENTED_EDGE('',*,*,#2033,.T.);
#2152 = ORIENTED_EDGE('',*,*,#2153,.T.);
#2153 = EDGE_CURVE('',#2034,#2154,#2156,.T.);
#2154 = VERTEX_POINT('',#2155);
#2155 = CARTESIAN_POINT('',(4.1,24.65,10.2));
#2156 = SEAM_CURVE('',#2157,(#2161,#2168),.PCURVE_S1.);
#2157 = LINE('',#2158,#2159);
#2158 = CARTESIAN_POINT('',(4.1,27.983333333333,10.2));
#2159 = VECTOR('',#2160,1.);
#2160 = DIRECTION('',(0.,-1.,0.));
#2161 = PCURVE('',#2054,#2162);
#2162 = DEFINITIONAL_REPRESENTATION('',(#2163),#2167);
#2163 = LINE('',#2164,#2165);
#2164 = CARTESIAN_POINT('',(0.,0.));
#2165 = VECTOR('',#2166,1.);
#2166 = DIRECTION('',(0.,1.));
#2167 = ( GEOMETRIC_REPRESENTATION_CONTEXT(2) 
PARAMETRIC_REPRESENTATION_CONTEXT() REPRESENTATION_CONTEXT('2D SPACE',''
  ) );
#2168 = PCURVE('',#2054,#2169);
#2169 = DEFINITIONAL_REPRESENTATION('',(#2170),#2174);
#2170 = LINE('',#2171,#2172);
#2171 = CARTESIAN_POINT('',(6.28318530718,0.));
#2172 = VECTOR('',#2173,1.);
#2173 = DIRECTION('',(0.,1.));
#2174 = ( GEOMETRIC_REPRESENTATION_CONTEXT(2) 
PARAMETRIC_REPRESENTATION_CONTEXT() REPRESENTATION_CONTEXT('2D SPACE',''
  ) );
#2175 = ORIENTED_EDGE('',*,*,#2176,.F.);
#2176 = EDGE_CURVE('',#2154,#2154,#2177,.T.);
#2177 = SURFACE_CURVE('',#2178,(#2183,#2190),.PCURVE_S1.);
#2178 = CIRCLE('',#2179,4.1);
#2179 = AXIS2_PLACEMENT_3D('',#2180,#2181,#2182);
#2180 = CARTESIAN_POINT('',(0.,24.65,10.2));
#2181 = DIRECTION('',(-0.,-1.,0.));
#2182 = DIRECTION('',(1.,-0.,0.));
#2183 = PCURVE('',#2054,#2184);
#2184 = DEFINITIONAL_REPRESENTATION('',(#2185),#2189);
#2185 = LINE('',#2186,#2187);
#2186 = CARTESIAN_POINT('',(0.,3.333333333333));
#2187 = VECTOR('',#2188,1.);
#2188 = DIRECTION('',(1.,0.));
#2189 = ( GEOMETRIC_REPRESENTATION_CONTEXT(2) 
PARAMETRIC_REPRESENTATION_CONTEXT() REPRESENTATION_CONTEXT('2D SPACE',''
  ) );
#2190 = PCURVE('',#2191,#2196);
#2191 = CONICAL_SURFACE('',#2192,4.1,0.785398163397);
#2192 = AXIS2_PLACEMENT_3D('',#2193,#2194,#2195);
#2193 = CARTESIAN_POINT('',(0.,24.65,10.2));
#2194 = DIRECTION('',(0.,1.,0.));
#2195 = DIRECTION('',(1.,-0.,0.));
#2196 = DEFINITIONAL_REPRESENTATION('',(#2197),#2201);
#2197 = LINE('',#2198,#2199);
#2198 = CARTESIAN_POINT('',(-0.,-0.));
#2199 = VECTOR('',#2200,1.);
#2200 = DIRECTION('',(-1.,-0.));
#2201 = ( GEOMETRIC_REPRESENTATION_CONTEXT(2) 
PARAMETRIC_REPRESENTATION_CONTEXT() REPRESENTATION_CONTEXT('2D SPACE',''
  ) );
#2202 = ORIENTED_EDGE('',*,*,#2153,.F.);
#2203 = ADVANCED_FACE('',(#2204),#2191,.T.);
#2204 = FACE_BOUND('',#2205,.T.);
#2205 = EDGE_LOOP('',(#2206,#2207,#2230));
#2206 = ORIENTED_EDGE('',*,*,#2176,.T.);
#2207 = ORIENTED_EDGE('',*,*,#2208,.T.);
#2208 = EDGE_CURVE('',#2154,#2209,#2211,.T.);
#2209 = VERTEX_POINT('',#2210);
#2210 = CARTESIAN_POINT('',(0.,20.55,10.2));
#2211 = SEAM_CURVE('',#2212,(#2216,#2223),.PCURVE_S1.);
#2212 = LINE('',#2213,#2214);
#2213 = CARTESIAN_POINT('',(4.1,24.65,10.2));
#2214 = VECTOR('',#2215,1.);
#2215 = DIRECTION('',(-0.707106781187,-0.707106781187,0.));
#2216 = PCURVE('',#2191,#2217);
#2217 = DEFINITIONAL_REPRESENTATION('',(#2218),#2222);
#2218 = LINE('',#2219,#2220);
#2219 = CARTESIAN_POINT('',(-0.,-0.));
#2220 = VECTOR('',#2221,1.);
#2221 = DIRECTION('',(-0.,-1.));
#2222 = ( GEOMETRIC_REPRESENTATION_CONTEXT(2) 
PARAMETRIC_REPRESENTATION_CONTEXT() REPRESENTATION_CONTEXT('2D SPACE',''
  ) );
#2223 = PCURVE('',#2191,#2224);
#2224 = DEFINITIONAL_REPRESENTATION('',(#2225),#2229);
#2225 = LINE('',#2226,#2227);
#2226 = CARTESIAN_POINT('',(-6.28318530718,-0.));
#2227 = VECTOR('',#2228,1.);
#2228 = DIRECTION('',(-0.,-1.));
#2229 = ( GEOMETRIC_REPRESENTATION_CONTEXT(2) 
PARAMETRIC_REPRESENTATION_CONTEXT() REPRESENTATION_CONTEXT('2D SPACE',''
  ) );
#2230 = ORIENTED_EDGE('',*,*,#2208,.F.);
#2231 = MANIFOLD_SOLID_BREP('',#2232);
#2232 = CLOSED_SHELL('',(#2233,#2349,#2431,#2511,#2558,#2614,#2621,#2676
    ,#2731,#2759));
#2233 = ADVANCED_FACE('',(#2234),#2248,.T.);
#2234 = FACE_BOUND('',#2235,.T.);
#2235 = EDGE_LOOP('',(#2236,#2271,#2297,#2325));
#2236 = ORIENTED_EDGE('',*,*,#2237,.T.);
#2237 = EDGE_CURVE('',#2238,#2240,#2242,.T.);
#2238 = VERTEX_POINT('',#2239);
#2239 = CARTESIAN_POINT('',(-10.19803902718,5.15,10.));
#2240 = VERTEX_POINT('',#2241);
#2241 = CARTESIAN_POINT('',(-10.19803902718,14.85,10.));
#2242 = SURFACE_CURVE('',#2243,(#2247,#2259),.PCURVE_S1.);
#2243 = LINE('',#2244,#2245);
#2244 = CARTESIAN_POINT('',(-10.19803902718,-30.,10.));
#2245 = VECTOR('',#2246,1.);
#2246 = DIRECTION('',(0.,1.,0.));
#2247 = PCURVE('',#2248,#2253);
#2248 = PLANE('',#2249);
#2249 = AXIS2_PLACEMENT_3D('',#2250,#2251,#2252);
#2250 = CARTESIAN_POINT('',(-10.19803902718,0.,10.));
#2251 = DIRECTION('',(0.,0.,1.));
#2252 = DIRECTION('',(-1.,0.,0.));
#2253 = DEFINITIONAL_REPRESENTATION('',(#2254),#2258);
#2254 = LINE('',#2255,#2256);
#2255 = CARTESIAN_POINT('',(0.,30.));
#2256 = VECTOR('',#2257,1.);
#2257 = DIRECTION('',(0.,-1.));
#2258 = ( GEOMETRIC_REPRESENTATION_CONTEXT(2) 
PARAMETRIC_REPRESENTATION_CONTEXT() REPRESENTATION_CONTEXT('2D SPACE',''
  ) );
#2259 = PCURVE('',#2260,#2265);
#2260 = CYLINDRICAL_SURFACE('',#2261,10.2);
#2261 = AXIS2_PLACEMENT_3D('',#2262,#2263,#2264);
#2262 = CARTESIAN_POINT('',(0.,0.,10.2));
#2263 = DIRECTION('',(0.,-1.,0.));
#2264 = DIRECTION('',(1.,0.,0.));
#2265 = DEFINITIONAL_REPRESENTATION('',(#2266),#2270);
#2266 = LINE('',#2267,#2268);
#2267 = CARTESIAN_POINT('',(3.161201753374,30.));
#2268 = VECTOR('',#2269,1.);
#2269 = DIRECTION('',(0.,-1.));
#2270 = ( GEOMETRIC_REPRESENTATION_CONTEXT(2) 
PARAMETRIC_REPRESENTATION_CONTEXT() REPRESENTATION_CONTEXT('2D SPACE',''
  ) );
#2271 = ORIENTED_EDGE('',*,*,#2272,.F.);
#2272 = EDGE_CURVE('',#2273,#2240,#2275,.T.);
#2273 = VERTEX_POINT('',#2274);
#2274 = CARTESIAN_POINT('',(-10.7,14.85,10.));
#2275 = SURFACE_CURVE('',#2276,(#2280,#2286),.PCURVE_S1.);
#2276 = LINE('',#2277,#2278);
#2277 = CARTESIAN_POINT('',(-10.49901951359,14.85,10.));
#2278 = VECTOR('',#2279,1.);
#2279 = DIRECTION('',(1.,0.,-0.));
#2280 = PCURVE('',#2248,#2281);
#2281 = DEFINITIONAL_REPRESENTATION('',(#2282),#2285);
#2282 = B_SPLINE_CURVE_WITH_KNOTS('',1,(#2283,#2284),.UNSPECIFIED.,.F.,
  .F.,(2,2),(-0.200980486407,0.300980486407),.PIECEWISE_BEZIER_KNOTS.);
#2283 = CARTESIAN_POINT('',(0.501960972814,-14.85));
#2284 = CARTESIAN_POINT('',(0.,-14.85));
#2285 = ( GEOMETRIC_REPRESENTATION_CONTEXT(2) 
PARAMETRIC_REPRESENTATION_CONTEXT() REPRESENTATION_CONTEXT('2D SPACE',''
  ) );
#2286 = PCURVE('',#2287,#2292);
#2287 = PLANE('',#2288);
#2288 = AXIS2_PLACEMENT_3D('',#2289,#2290,#2291);
#2289 = CARTESIAN_POINT('',(-10.8,14.85,10.2));
#2290 = DIRECTION('',(0.,-1.,0.));
#2291 = DIRECTION('',(1.,0.,0.));
#2292 = DEFINITIONAL_REPRESENTATION('',(#2293),#2296);
#2293 = B_SPLINE_CURVE_WITH_KNOTS('',1,(#2294,#2295),.UNSPECIFIED.,.F.,
  .F.,(2,2),(-0.200980486407,0.300980486407),.PIECEWISE_BEZIER_KNOTS.);
#2294 = CARTESIAN_POINT('',(1.E-01,-0.2));
#2295 = CARTESIAN_POINT('',(0.601960972814,-0.2));
#2296 = ( GEOMETRIC_REPRESENTATION_CONTEXT(2) 
PARAMETRIC_REPRESENTATION_CONTEXT() REPRESENTATION_CONTEXT('2D SPACE',''
  ) );
#2297 = ORIENTED_EDGE('',*,*,#2298,.T.);
#2298 = EDGE_CURVE('',#2273,#2299,#2301,.T.);
#2299 = VERTEX_POINT('',#2300);
#2300 = CARTESIAN_POINT('',(-10.7,5.15,10.));
#2301 = SURFACE_CURVE('',#2302,(#2306,#2313),.PCURVE_S1.);
#2302 = LINE('',#2303,#2304);
#2303 = CARTESIAN_POINT('',(-10.7,30.,10.));
#2304 = VECTOR('',#2305,1.);
#2305 = DIRECTION('',(0.,-1.,0.));
#2306 = PCURVE('',#2248,#2307);
#2307 = DEFINITIONAL_REPRESENTATION('',(#2308),#2312);
#2308 = LINE('',#2309,#2310);
#2309 = CARTESIAN_POINT('',(0.501960972814,-30.));
#2310 = VECTOR('',#2311,1.);
#2311 = DIRECTION('',(0.,1.));
#2312 = ( GEOMETRIC_REPRESENTATION_CONTEXT(2) 
PARAMETRIC_REPRESENTATION_CONTEXT() REPRESENTATION_CONTEXT('2D SPACE',''
  ) );
#2313 = PCURVE('',#2314,#2319);
#2314 = PLANE('',#2315);
#2315 = AXIS2_PLACEMENT_3D('',#2316,#2317,#2318);
#2316 = CARTESIAN_POINT('',(-10.7,0.,10.));
#2317 = DIRECTION('',(-1.,-0.,-0.));
#2318 = DIRECTION('',(0.,0.,-1.));
#2319 = DEFINITIONAL_REPRESENTATION('',(#2320),#2324);
#2320 = LINE('',#2321,#2322);
#2321 = CARTESIAN_POINT('',(0.,-30.));
#2322 = VECTOR('',#2323,1.);
#2323 = DIRECTION('',(0.,1.));
#2324 = ( GEOMETRIC_REPRESENTATION_CONTEXT(2) 
PARAMETRIC_REPRESENTATION_CONTEXT() REPRESENTATION_CONTEXT('2D SPACE',''
  ) );
#2325 = ORIENTED_EDGE('',*,*,#2326,.F.);
#2326 = EDGE_CURVE('',#2238,#2299,#2327,.T.);
#2327 = SURFACE_CURVE('',#2328,(#2332,#2338),.PCURVE_S1.);
#2328 = LINE('',#2329,#2330);
#2329 = CARTESIAN_POINT('',(0.300980486407,5.15,10.));
#2330 = VECTOR('',#2331,1.);
#2331 = DIRECTION('',(-1.,0.,0.));
#2332 = PCURVE('',#2248,#2333);
#2333 = DEFINITIONAL_REPRESENTATION('',(#2334),#2337);
#2334 = B_SPLINE_CURVE_WITH_KNOTS('',1,(#2335,#2336),.UNSPECIFIED.,.F.,
  .F.,(2,2),(10.499019513593,11.000980486407),.PIECEWISE_BEZIER_KNOTS.);
#2335 = CARTESIAN_POINT('',(0.,-5.15));
#2336 = CARTESIAN_POINT('',(0.501960972814,-5.15));
#2337 = ( GEOMETRIC_REPRESENTATION_CONTEXT(2) 
PARAMETRIC_REPRESENTATION_CONTEXT() REPRESENTATION_CONTEXT('2D SPACE',''
  ) );
#2338 = PCURVE('',#2339,#2344);
#2339 = PLANE('',#2340);
#2340 = AXIS2_PLACEMENT_3D('',#2341,#2342,#2343);
#2341 = CARTESIAN_POINT('',(10.8,5.15,10.2));
#2342 = DIRECTION('',(0.,1.,-0.));
#2343 = DIRECTION('',(-1.,0.,0.));
#2344 = DEFINITIONAL_REPRESENTATION('',(#2345),#2348);
#2345 = B_SPLINE_CURVE_WITH_KNOTS('',1,(#2346,#2347),.UNSPECIFIED.,.F.,
  .F.,(2,2),(10.499019513593,11.000980486407),.PIECEWISE_BEZIER_KNOTS.);
#2346 = CARTESIAN_POINT('',(20.998039027186,-0.2));
#2347 = CARTESIAN_POINT('',(21.5,-0.2));
#2348 = ( GEOMETRIC_REPRESENTATION_CONTEXT(2) 
PARAMETRIC_REPRESENTATION_CONTEXT() REPRESENTATION_CONTEXT('2D SPACE',''
  ) );
#2349 = ADVANCED_FACE('',(#2350),#2260,.T.);
#2350 = FACE_BOUND('',#2351,.T.);
#2351 = EDGE_LOOP('',(#2352,#2382,#2404,#2405));
#2352 = ORIENTED_EDGE('',*,*,#2353,.T.);
#2353 = EDGE_CURVE('',#2354,#2356,#2358,.T.);
#2354 = VERTEX_POINT('',#2355);
#2355 = CARTESIAN_POINT('',(-9.368548013477E-16,5.15,0.));
#2356 = VERTEX_POINT('',#2357);
#2357 = CARTESIAN_POINT('',(-9.368548013477E-16,14.85,0.));
#2358 = SURFACE_CURVE('',#2359,(#2363,#2370),.PCURVE_S1.);
#2359 = LINE('',#2360,#2361);
#2360 = CARTESIAN_POINT('',(-9.368548013477E-16,-30.,0.));
#2361 = VECTOR('',#2362,1.);
#2362 = DIRECTION('',(0.,1.,0.));
#2363 = PCURVE('',#2260,#2364);
#2364 = DEFINITIONAL_REPRESENTATION('',(#2365),#2369);
#2365 = LINE('',#2366,#2367);
#2366 = CARTESIAN_POINT('',(-1.570796326795,30.));
#2367 = VECTOR('',#2368,1.);
#2368 = DIRECTION('',(0.,-1.));
#2369 = ( GEOMETRIC_REPRESENTATION_CONTEXT(2) 
PARAMETRIC_REPRESENTATION_CONTEXT() REPRESENTATION_CONTEXT('2D SPACE',''
  ) );
#2370 = PCURVE('',#2371,#2376);
#2371 = PLANE('',#2372);
#2372 = AXIS2_PLACEMENT_3D('',#2373,#2374,#2375);
#2373 = CARTESIAN_POINT('',(-10.7,0.,0.));
#2374 = DIRECTION('',(0.,0.,-1.));
#2375 = DIRECTION('',(1.,0.,0.));
#2376 = DEFINITIONAL_REPRESENTATION('',(#2377),#2381);
#2377 = LINE('',#2378,#2379);
#2378 = CARTESIAN_POINT('',(10.7,30.));
#2379 = VECTOR('',#2380,1.);
#2380 = DIRECTION('',(0.,-1.));
#2381 = ( GEOMETRIC_REPRESENTATION_CONTEXT(2) 
PARAMETRIC_REPRESENTATION_CONTEXT() REPRESENTATION_CONTEXT('2D SPACE',''
  ) );
#2382 = ORIENTED_EDGE('',*,*,#2383,.T.);
#2383 = EDGE_CURVE('',#2356,#2240,#2384,.T.);
#2384 = SURFACE_CURVE('',#2385,(#2390,#2397),.PCURVE_S1.);
#2385 = CIRCLE('',#2386,10.2);
#2386 = AXIS2_PLACEMENT_3D('',#2387,#2388,#2389);
#2387 = CARTESIAN_POINT('',(0.,14.85,10.2));
#2388 = DIRECTION('',(0.,-1.,0.));
#2389 = DIRECTION('',(1.,0.,0.));
#2390 = PCURVE('',#2260,#2391);
#2391 = DEFINITIONAL_REPRESENTATION('',(#2392),#2396);
#2392 = LINE('',#2393,#2394);
#2393 = CARTESIAN_POINT('',(-6.28318530718,-14.85));
#2394 = VECTOR('',#2395,1.);
#2395 = DIRECTION('',(1.,0.));
#2396 = ( GEOMETRIC_REPRESENTATION_CONTEXT(2) 
PARAMETRIC_REPRESENTATION_CONTEXT() REPRESENTATION_CONTEXT('2D SPACE',''
  ) );
#2397 = PCURVE('',#2287,#2398);
#2398 = DEFINITIONAL_REPRESENTATION('',(#2399),#2403);
#2399 = CIRCLE('',#2400,10.2);
#2400 = AXIS2_PLACEMENT_2D('',#2401,#2402);
#2401 = CARTESIAN_POINT('',(10.8,0.));
#2402 = DIRECTION('',(1.,0.));
#2403 = ( GEOMETRIC_REPRESENTATION_CONTEXT(2) 
PARAMETRIC_REPRESENTATION_CONTEXT() REPRESENTATION_CONTEXT('2D SPACE',''
  ) );
#2404 = ORIENTED_EDGE('',*,*,#2237,.F.);
#2405 = ORIENTED_EDGE('',*,*,#2406,.F.);
#2406 = EDGE_CURVE('',#2354,#2238,#2407,.T.);
#2407 = SURFACE_CURVE('',#2408,(#2413,#2420),.PCURVE_S1.);
#2408 = CIRCLE('',#2409,10.2);
#2409 = AXIS2_PLACEMENT_3D('',#2410,#2411,#2412);
#2410 = CARTESIAN_POINT('',(0.,5.15,10.2));
#2411 = DIRECTION('',(0.,-1.,0.));
#2412 = DIRECTION('',(1.,0.,0.));
#2413 = PCURVE('',#2260,#2414);
#2414 = DEFINITIONAL_REPRESENTATION('',(#2415),#2419);
#2415 = LINE('',#2416,#2417);
#2416 = CARTESIAN_POINT('',(-6.28318530718,-5.15));
#2417 = VECTOR('',#2418,1.);
#2418 = DIRECTION('',(1.,0.));
#2419 = ( GEOMETRIC_REPRESENTATION_CONTEXT(2) 
PARAMETRIC_REPRESENTATION_CONTEXT() REPRESENTATION_CONTEXT('2D SPACE',''
  ) );
#2420 = PCURVE('',#2339,#2421);
#2421 = DEFINITIONAL_REPRESENTATION('',(#2422),#2430);
#2422 = ( BOUNDED_CURVE() B_SPLINE_CURVE(2,(#2423,#2424,#2425,#2426,
#2427,#2428,#2429),.UNSPECIFIED.,.T.,.F.) B_SPLINE_CURVE_WITH_KNOTS((1,2
    ,2,2,2,1),(-2.094395102393,0.,2.094395102393,4.188790204786,
6.28318530718,8.377580409573),.UNSPECIFIED.) CURVE() 
GEOMETRIC_REPRESENTATION_ITEM() RATIONAL_B_SPLINE_CURVE((1.,0.5,1.,0.5,
1.,0.5,1.)) REPRESENTATION_ITEM('') );
#2423 = CARTESIAN_POINT('',(0.6,0.));
#2424 = CARTESIAN_POINT('',(0.6,17.666918237203));
#2425 = CARTESIAN_POINT('',(15.9,8.833459118601));
#2426 = CARTESIAN_POINT('',(31.2,2.498279470261E-15));
#2427 = CARTESIAN_POINT('',(15.9,-8.833459118601));
#2428 = CARTESIAN_POINT('',(0.6,-17.6669182372));
#2429 = CARTESIAN_POINT('',(0.6,0.));
#2430 = ( GEOMETRIC_REPRESENTATION_CONTEXT(2) 
PARAMETRIC_REPRESENTATION_CONTEXT() REPRESENTATION_CONTEXT('2D SPACE',''
  ) );
#2431 = ADVANCED_FACE('',(#2432,#2476),#2339,.F.);
#2432 = FACE_BOUND('',#2433,.F.);
#2433 = EDGE_LOOP('',(#2434,#2435,#2436,#2457));
#2434 = ORIENTED_EDGE('',*,*,#2326,.F.);
#2435 = ORIENTED_EDGE('',*,*,#2406,.F.);
#2436 = ORIENTED_EDGE('',*,*,#2437,.F.);
#2437 = EDGE_CURVE('',#2438,#2354,#2440,.T.);
#2438 = VERTEX_POINT('',#2439);
#2439 = CARTESIAN_POINT('',(-10.7,5.15,0.));
#2440 = SURFACE_CURVE('',#2441,(#2445,#2451),.PCURVE_S1.);
#2441 = LINE('',#2442,#2443);
#2442 = CARTESIAN_POINT('',(5.E-02,5.15,0.));
#2443 = VECTOR('',#2444,1.);
#2444 = DIRECTION('',(1.,0.,0.));
#2445 = PCURVE('',#2339,#2446);
#2446 = DEFINITIONAL_REPRESENTATION('',(#2447),#2450);
#2447 = B_SPLINE_CURVE_WITH_KNOTS('',1,(#2448,#2449),.UNSPECIFIED.,.F.,
  .F.,(2,2),(-10.75,-5.E-02),.PIECEWISE_BEZIER_KNOTS.);
#2448 = CARTESIAN_POINT('',(21.5,-10.2));
#2449 = CARTESIAN_POINT('',(10.8,-10.2));
#2450 = ( GEOMETRIC_REPRESENTATION_CONTEXT(2) 
PARAMETRIC_REPRESENTATION_CONTEXT() REPRESENTATION_CONTEXT('2D SPACE',''
  ) );
#2451 = PCURVE('',#2371,#2452);
#2452 = DEFINITIONAL_REPRESENTATION('',(#2453),#2456);
#2453 = B_SPLINE_CURVE_WITH_KNOTS('',1,(#2454,#2455),.UNSPECIFIED.,.F.,
  .F.,(2,2),(-10.75,-5.E-02),.PIECEWISE_BEZIER_KNOTS.);
#2454 = CARTESIAN_POINT('',(0.,-5.15));
#2455 = CARTESIAN_POINT('',(10.7,-5.15));
#2456 = ( GEOMETRIC_REPRESENTATION_CONTEXT(2) 
PARAMETRIC_REPRESENTATION_CONTEXT() REPRESENTATION_CONTEXT('2D SPACE',''
  ) );
#2457 = ORIENTED_EDGE('',*,*,#2458,.F.);
#2458 = EDGE_CURVE('',#2299,#2438,#2459,.T.);
#2459 = SURFACE_CURVE('',#2460,(#2464,#2470),.PCURVE_S1.);
#2460 = LINE('',#2461,#2462);
#2461 = CARTESIAN_POINT('',(-10.7,5.15,10.1));
#2462 = VECTOR('',#2463,1.);
#2463 = DIRECTION('',(0.,-0.,-1.));
#2464 = PCURVE('',#2339,#2465);
#2465 = DEFINITIONAL_REPRESENTATION('',(#2466),#2469);
#2466 = B_SPLINE_CURVE_WITH_KNOTS('',1,(#2467,#2468),.UNSPECIFIED.,.F.,
  .F.,(2,2),(0.1,10.1),.PIECEWISE_BEZIER_KNOTS.);
#2467 = CARTESIAN_POINT('',(21.5,-0.2));
#2468 = CARTESIAN_POINT('',(21.5,-10.2));
#2469 = ( GEOMETRIC_REPRESENTATION_CONTEXT(2) 
PARAMETRIC_REPRESENTATION_CONTEXT() REPRESENTATION_CONTEXT('2D SPACE',''
  ) );
#2470 = PCURVE('',#2314,#2471);
#2471 = DEFINITIONAL_REPRESENTATION('',(#2472),#2475);
#2472 = B_SPLINE_CURVE_WITH_KNOTS('',1,(#2473,#2474),.UNSPECIFIED.,.F.,
  .F.,(2,2),(0.1,10.1),.PIECEWISE_BEZIER_KNOTS.);
#2473 = CARTESIAN_POINT('',(0.,-5.15));
#2474 = CARTESIAN_POINT('',(10.,-5.15));
#2475 = ( GEOMETRIC_REPRESENTATION_CONTEXT(2) 
PARAMETRIC_REPRESENTATION_CONTEXT() REPRESENTATION_CONTEXT('2D SPACE',''
  ) );
#2476 = FACE_BOUND('',#2477,.F.);
#2477 = EDGE_LOOP('',(#2478));
#2478 = ORIENTED_EDGE('',*,*,#2479,.T.);
#2479 = EDGE_CURVE('',#2480,#2480,#2482,.T.);
#2480 = VERTEX_POINT('',#2481);
#2481 = CARTESIAN_POINT('',(4.1,5.15,10.2));
#2482 = SURFACE_CURVE('',#2483,(#2488,#2499),.PCURVE_S1.);
#2483 = CIRCLE('',#2484,4.1);
#2484 = AXIS2_PLACEMENT_3D('',#2485,#2486,#2487);
#2485 = CARTESIAN_POINT('',(0.,5.15,10.2));
#2486 = DIRECTION('',(-0.,-1.,0.));
#2487 = DIRECTION('',(1.,-0.,0.));
#2488 = PCURVE('',#2339,#2489);
#2489 = DEFINITIONAL_REPRESENTATION('',(#2490),#2498);
#2490 = ( BOUNDED_CURVE() B_SPLINE_CURVE(2,(#2491,#2492,#2493,#2494,
#2495,#2496,#2497),.UNSPECIFIED.,.T.,.F.) B_SPLINE_CURVE_WITH_KNOTS((1,2
    ,2,2,2,1),(-2.094395102393,0.,2.094395102393,4.188790204786,
6.28318530718,8.377580409573),.UNSPECIFIED.) CURVE() 
GEOMETRIC_REPRESENTATION_ITEM() RATIONAL_B_SPLINE_CURVE((1.,0.5,1.,0.5,
1.,0.5,1.)) REPRESENTATION_ITEM('') );
#2491 = CARTESIAN_POINT('',(6.7,0.));
#2492 = CARTESIAN_POINT('',(6.7,7.101408311032));
#2493 = CARTESIAN_POINT('',(12.85,3.550704155516));
#2494 = CARTESIAN_POINT('',(19.,1.004210375301E-15));
#2495 = CARTESIAN_POINT('',(12.85,-3.550704155516));
#2496 = CARTESIAN_POINT('',(6.7,-7.101408311032));
#2497 = CARTESIAN_POINT('',(6.7,0.));
#2498 = ( GEOMETRIC_REPRESENTATION_CONTEXT(2) 
PARAMETRIC_REPRESENTATION_CONTEXT() REPRESENTATION_CONTEXT('2D SPACE',''
  ) );
#2499 = PCURVE('',#2500,#2505);
#2500 = CYLINDRICAL_SURFACE('',#2501,4.1);
#2501 = AXIS2_PLACEMENT_3D('',#2502,#2503,#2504);
#2502 = CARTESIAN_POINT('',(0.,15.75,10.2));
#2503 = DIRECTION('',(-0.,-1.,-0.));
#2504 = DIRECTION('',(1.,-0.,0.));
#2505 = DEFINITIONAL_REPRESENTATION('',(#2506),#2510);
#2506 = LINE('',#2507,#2508);
#2507 = CARTESIAN_POINT('',(0.,10.6));
#2508 = VECTOR('',#2509,1.);
#2509 = DIRECTION('',(1.,0.));
#2510 = ( GEOMETRIC_REPRESENTATION_CONTEXT(2) 
PARAMETRIC_REPRESENTATION_CONTEXT() REPRESENTATION_CONTEXT('2D SPACE',''
  ) );
#2511 = ADVANCED_FACE('',(#2512),#2314,.T.);
#2512 = FACE_BOUND('',#2513,.T.);
#2513 = EDGE_LOOP('',(#2514,#2515,#2536,#2557));
#2514 = ORIENTED_EDGE('',*,*,#2298,.F.);
#2515 = ORIENTED_EDGE('',*,*,#2516,.F.);
#2516 = EDGE_CURVE('',#2517,#2273,#2519,.T.);
#2517 = VERTEX_POINT('',#2518);
#2518 = CARTESIAN_POINT('',(-10.7,14.85,0.));
#2519 = SURFACE_CURVE('',#2520,(#2524,#2530),.PCURVE_S1.);
#2520 = LINE('',#2521,#2522);
#2521 = CARTESIAN_POINT('',(-10.7,14.85,10.1));
#2522 = VECTOR('',#2523,1.);
#2523 = DIRECTION('',(-0.,0.,1.));
#2524 = PCURVE('',#2314,#2525);
#2525 = DEFINITIONAL_REPRESENTATION('',(#2526),#2529);
#2526 = B_SPLINE_CURVE_WITH_KNOTS('',1,(#2527,#2528),.UNSPECIFIED.,.F.,
  .F.,(2,2),(-10.1,-0.1),.PIECEWISE_BEZIER_KNOTS.);
#2527 = CARTESIAN_POINT('',(10.,-14.85));
#2528 = CARTESIAN_POINT('',(0.,-14.85));
#2529 = ( GEOMETRIC_REPRESENTATION_CONTEXT(2) 
PARAMETRIC_REPRESENTATION_CONTEXT() REPRESENTATION_CONTEXT('2D SPACE',''
  ) );
#2530 = PCURVE('',#2287,#2531);
#2531 = DEFINITIONAL_REPRESENTATION('',(#2532),#2535);
#2532 = B_SPLINE_CURVE_WITH_KNOTS('',1,(#2533,#2534),.UNSPECIFIED.,.F.,
  .F.,(2,2),(-10.1,-0.1),.PIECEWISE_BEZIER_KNOTS.);
#2533 = CARTESIAN_POINT('',(1.E-01,-10.2));
#2534 = CARTESIAN_POINT('',(1.E-01,-0.2));
#2535 = ( GEOMETRIC_REPRESENTATION_CONTEXT(2) 
PARAMETRIC_REPRESENTATION_CONTEXT() REPRESENTATION_CONTEXT('2D SPACE',''
  ) );
#2536 = ORIENTED_EDGE('',*,*,#2537,.T.);
#2537 = EDGE_CURVE('',#2517,#2438,#2538,.T.);
#2538 = SURFACE_CURVE('',#2539,(#2543,#2550),.PCURVE_S1.);
#2539 = LINE('',#2540,#2541);
#2540 = CARTESIAN_POINT('',(-10.7,30.,0.));
#2541 = VECTOR('',#2542,1.);
#2542 = DIRECTION('',(0.,-1.,0.));
#2543 = PCURVE('',#2314,#2544);
#2544 = DEFINITIONAL_REPRESENTATION('',(#2545),#2549);
#2545 = LINE('',#2546,#2547);
#2546 = CARTESIAN_POINT('',(10.,-30.));
#2547 = VECTOR('',#2548,1.);
#2548 = DIRECTION('',(0.,1.));
#2549 = ( GEOMETRIC_REPRESENTATION_CONTEXT(2) 
PARAMETRIC_REPRESENTATION_CONTEXT() REPRESENTATION_CONTEXT('2D SPACE',''
  ) );
#2550 = PCURVE('',#2371,#2551);
#2551 = DEFINITIONAL_REPRESENTATION('',(#2552),#2556);
#2552 = LINE('',#2553,#2554);
#2553 = CARTESIAN_POINT('',(0.,-30.));
#2554 = VECTOR('',#2555,1.);
#2555 = DIRECTION('',(0.,1.));
#2556 = ( GEOMETRIC_REPRESENTATION_CONTEXT(2) 
PARAMETRIC_REPRESENTATION_CONTEXT() REPRESENTATION_CONTEXT('2D SPACE',''
  ) );
#2557 = ORIENTED_EDGE('',*,*,#2458,.F.);
#2558 = ADVANCED_FACE('',(#2559,#2583),#2287,.F.);
#2559 = FACE_BOUND('',#2560,.F.);
#2560 = EDGE_LOOP('',(#2561,#2562,#2563,#2582));
#2561 = ORIENTED_EDGE('',*,*,#2272,.F.);
#2562 = ORIENTED_EDGE('',*,*,#2516,.F.);
#2563 = ORIENTED_EDGE('',*,*,#2564,.F.);
#2564 = EDGE_CURVE('',#2356,#2517,#2565,.T.);
#2565 = SURFACE_CURVE('',#2566,(#2570,#2576),.PCURVE_S1.);
#2566 = LINE('',#2567,#2568);
#2567 = CARTESIAN_POINT('',(-10.75,14.85,0.));
#2568 = VECTOR('',#2569,1.);
#2569 = DIRECTION('',(-1.,-0.,-0.));
#2570 = PCURVE('',#2287,#2571);
#2571 = DEFINITIONAL_REPRESENTATION('',(#2572),#2575);
#2572 = B_SPLINE_CURVE_WITH_KNOTS('',1,(#2573,#2574),.UNSPECIFIED.,.F.,
  .F.,(2,2),(-10.75,-5.E-02),.PIECEWISE_BEZIER_KNOTS.);
#2573 = CARTESIAN_POINT('',(10.8,-10.2));
#2574 = CARTESIAN_POINT('',(1.E-01,-10.2));
#2575 = ( GEOMETRIC_REPRESENTATION_CONTEXT(2) 
PARAMETRIC_REPRESENTATION_CONTEXT() REPRESENTATION_CONTEXT('2D SPACE',''
  ) );
#2576 = PCURVE('',#2371,#2577);
#2577 = DEFINITIONAL_REPRESENTATION('',(#2578),#2581);
#2578 = B_SPLINE_CURVE_WITH_KNOTS('',1,(#2579,#2580),.UNSPECIFIED.,.F.,
  .F.,(2,2),(-10.75,-5.E-02),.PIECEWISE_BEZIER_KNOTS.);
#2579 = CARTESIAN_POINT('',(10.7,-14.85));
#2580 = CARTESIAN_POINT('',(0.,-14.85));
#2581 = ( GEOMETRIC_REPRESENTATION_CONTEXT(2) 
PARAMETRIC_REPRESENTATION_CONTEXT() REPRESENTATION_CONTEXT('2D SPACE',''
  ) );
#2582 = ORIENTED_EDGE('',*,*,#2383,.T.);
#2583 = FACE_BOUND('',#2584,.F.);
#2584 = EDGE_LOOP('',(#2585));
#2585 = ORIENTED_EDGE('',*,*,#2586,.F.);
#2586 = EDGE_CURVE('',#2587,#2587,#2589,.T.);
#2587 = VERTEX_POINT('',#2588);
#2588 = CARTESIAN_POINT('',(4.1,14.85,10.2));
#2589 = SURFACE_CURVE('',#2590,(#2595,#2602),.PCURVE_S1.);
#2590 = CIRCLE('',#2591,4.1);
#2591 = AXIS2_PLACEMENT_3D('',#2592,#2593,#2594);
#2592 = CARTESIAN_POINT('',(0.,14.85,10.2));
#2593 = DIRECTION('',(-0.,-1.,0.));
#2594 = DIRECTION('',(1.,-0.,0.));
#2595 = PCURVE('',#2287,#2596);
#2596 = DEFINITIONAL_REPRESENTATION('',(#2597),#2601);
#2597 = CIRCLE('',#2598,4.1);
#2598 = AXIS2_PLACEMENT_2D('',#2599,#2600);
#2599 = CARTESIAN_POINT('',(10.8,0.));
#2600 = DIRECTION('',(1.,0.));
#2601 = ( GEOMETRIC_REPRESENTATION_CONTEXT(2) 
PARAMETRIC_REPRESENTATION_CONTEXT() REPRESENTATION_CONTEXT('2D SPACE',''
  ) );
#2602 = PCURVE('',#2603,#2608);
#2603 = CYLINDRICAL_SURFACE('',#2604,4.1);
#2604 = AXIS2_PLACEMENT_3D('',#2605,#2606,#2607);
#2605 = CARTESIAN_POINT('',(0.,15.75,10.2));
#2606 = DIRECTION('',(-0.,-1.,-0.));
#2607 = DIRECTION('',(1.,-0.,0.));
#2608 = DEFINITIONAL_REPRESENTATION('',(#2609),#2613);
#2609 = LINE('',#2610,#2611);
#2610 = CARTESIAN_POINT('',(0.,0.9));
#2611 = VECTOR('',#2612,1.);
#2612 = DIRECTION('',(1.,0.));
#2613 = ( GEOMETRIC_REPRESENTATION_CONTEXT(2) 
PARAMETRIC_REPRESENTATION_CONTEXT() REPRESENTATION_CONTEXT('2D SPACE',''
  ) );
#2614 = ADVANCED_FACE('',(#2615),#2371,.T.);
#2615 = FACE_BOUND('',#2616,.T.);
#2616 = EDGE_LOOP('',(#2617,#2618,#2619,#2620));
#2617 = ORIENTED_EDGE('',*,*,#2537,.F.);
#2618 = ORIENTED_EDGE('',*,*,#2564,.F.);
#2619 = ORIENTED_EDGE('',*,*,#2353,.F.);
#2620 = ORIENTED_EDGE('',*,*,#2437,.F.);
#2621 = ADVANCED_FACE('',(#2622),#2500,.T.);
#2622 = FACE_BOUND('',#2623,.T.);
#2623 = EDGE_LOOP('',(#2624,#2625,#2648,#2675));
#2624 = ORIENTED_EDGE('',*,*,#2479,.T.);
#2625 = ORIENTED_EDGE('',*,*,#2626,.T.);
#2626 = EDGE_CURVE('',#2480,#2627,#2629,.T.);
#2627 = VERTEX_POINT('',#2628);
#2628 = CARTESIAN_POINT('',(4.1,4.25,10.2));
#2629 = SEAM_CURVE('',#2630,(#2634,#2641),.PCURVE_S1.);
#2630 = LINE('',#2631,#2632);
#2631 = CARTESIAN_POINT('',(4.1,15.75,10.2));
#2632 = VECTOR('',#2633,1.);
#2633 = DIRECTION('',(0.,-1.,0.));
#2634 = PCURVE('',#2500,#2635);
#2635 = DEFINITIONAL_REPRESENTATION('',(#2636),#2640);
#2636 = LINE('',#2637,#2638);
#2637 = CARTESIAN_POINT('',(0.,0.));
#2638 = VECTOR('',#2639,1.);
#2639 = DIRECTION('',(0.,1.));
#2640 = ( GEOMETRIC_REPRESENTATION_CONTEXT(2) 
PARAMETRIC_REPRESENTATION_CONTEXT() REPRESENTATION_CONTEXT('2D SPACE',''
  ) );
#2641 = PCURVE('',#2500,#2642);
#2642 = DEFINITIONAL_REPRESENTATION('',(#2643),#2647);
#2643 = LINE('',#2644,#2645);
#2644 = CARTESIAN_POINT('',(6.28318530718,0.));
#2645 = VECTOR('',#2646,1.);
#2646 = DIRECTION('',(0.,1.));
#2647 = ( GEOMETRIC_REPRESENTATION_CONTEXT(2) 
PARAMETRIC_REPRESENTATION_CONTEXT() REPRESENTATION_CONTEXT('2D SPACE',''
  ) );
#2648 = ORIENTED_EDGE('',*,*,#2649,.F.);
#2649 = EDGE_CURVE('',#2627,#2627,#2650,.T.);
#2650 = SURFACE_CURVE('',#2651,(#2656,#2663),.PCURVE_S1.);
#2651 = CIRCLE('',#2652,4.1);
#2652 = AXIS2_PLACEMENT_3D('',#2653,#2654,#2655);
#2653 = CARTESIAN_POINT('',(0.,4.25,10.2));
#2654 = DIRECTION('',(-0.,-1.,0.));
#2655 = DIRECTION('',(1.,-0.,0.));
#2656 = PCURVE('',#2500,#2657);
#2657 = DEFINITIONAL_REPRESENTATION('',(#2658),#2662);
#2658 = LINE('',#2659,#2660);
#2659 = CARTESIAN_POINT('',(0.,11.5));
#2660 = VECTOR('',#2661,1.);
#2661 = DIRECTION('',(1.,0.));
#2662 = ( GEOMETRIC_REPRESENTATION_CONTEXT(2) 
PARAMETRIC_REPRESENTATION_CONTEXT() REPRESENTATION_CONTEXT('2D SPACE',''
  ) );
#2663 = PCURVE('',#2664,#2669);
#2664 = CONICAL_SURFACE('',#2665,4.1,0.785398163397);
#2665 = AXIS2_PLACEMENT_3D('',#2666,#2667,#2668);
#2666 = CARTESIAN_POINT('',(0.,4.25,10.2));
#2667 = DIRECTION('',(0.,1.,0.));
#2668 = DIRECTION('',(1.,-0.,0.));
#2669 = DEFINITIONAL_REPRESENTATION('',(#2670),#2674);
#2670 = LINE('',#2671,#2672);
#2671 = CARTESIAN_POINT('',(-0.,-0.));
#2672 = VECTOR('',#2673,1.);
#2673 = DIRECTION('',(-1.,-0.));
#2674 = ( GEOMETRIC_REPRESENTATION_CONTEXT(2) 
PARAMETRIC_REPRESENTATION_CONTEXT() REPRESENTATION_CONTEXT('2D SPACE',''
  ) );
#2675 = ORIENTED_EDGE('',*,*,#2626,.F.);
#2676 = ADVANCED_FACE('',(#2677),#2603,.T.);
#2677 = FACE_BOUND('',#2678,.T.);
#2678 = EDGE_LOOP('',(#2679,#2702,#2729,#2730));
#2679 = ORIENTED_EDGE('',*,*,#2680,.F.);
#2680 = EDGE_CURVE('',#2681,#2587,#2683,.T.);
#2681 = VERTEX_POINT('',#2682);
#2682 = CARTESIAN_POINT('',(4.1,15.75,10.2));
#2683 = SEAM_CURVE('',#2684,(#2688,#2695),.PCURVE_S1.);
#2684 = LINE('',#2685,#2686);
#2685 = CARTESIAN_POINT('',(4.1,15.75,10.2));
#2686 = VECTOR('',#2687,1.);
#2687 = DIRECTION('',(0.,-1.,0.));
#2688 = PCURVE('',#2603,#2689);
#2689 = DEFINITIONAL_REPRESENTATION('',(#2690),#2694);
#2690 = LINE('',#2691,#2692);
#2691 = CARTESIAN_POINT('',(0.,0.));
#2692 = VECTOR('',#2693,1.);
#2693 = DIRECTION('',(0.,1.));
#2694 = ( GEOMETRIC_REPRESENTATION_CONTEXT(2) 
PARAMETRIC_REPRESENTATION_CONTEXT() REPRESENTATION_CONTEXT('2D SPACE',''
  ) );
#2695 = PCURVE('',#2603,#2696);
#2696 = DEFINITIONAL_REPRESENTATION('',(#2697),#2701);
#2697 = LINE('',#2698,#2699);
#2698 = CARTESIAN_POINT('',(6.28318530718,0.));
#2699 = VECTOR('',#2700,1.);
#2700 = DIRECTION('',(0.,1.));
#2701 = ( GEOMETRIC_REPRESENTATION_CONTEXT(2) 
PARAMETRIC_REPRESENTATION_CONTEXT() REPRESENTATION_CONTEXT('2D SPACE',''
  ) );
#2702 = ORIENTED_EDGE('',*,*,#2703,.T.);
#2703 = EDGE_CURVE('',#2681,#2681,#2704,.T.);
#2704 = SURFACE_CURVE('',#2705,(#2710,#2717),.PCURVE_S1.);
#2705 = CIRCLE('',#2706,4.1);
#2706 = AXIS2_PLACEMENT_3D('',#2707,#2708,#2709);
#2707 = CARTESIAN_POINT('',(0.,15.75,10.2));
#2708 = DIRECTION('',(-0.,-1.,0.));
#2709 = DIRECTION('',(1.,-0.,0.));
#2710 = PCURVE('',#2603,#2711);
#2711 = DEFINITIONAL_REPRESENTATION('',(#2712),#2716);
#2712 = LINE('',#2713,#2714);
#2713 = CARTESIAN_POINT('',(0.,0.));
#2714 = VECTOR('',#2715,1.);
#2715 = DIRECTION('',(1.,0.));
#2716 = ( GEOMETRIC_REPRESENTATION_CONTEXT(2) 
PARAMETRIC_REPRESENTATION_CONTEXT() REPRESENTATION_CONTEXT('2D SPACE',''
  ) );
#2717 = PCURVE('',#2718,#2723);
#2718 = CONICAL_SURFACE('',#2719,0.,0.785398163397);
#2719 = AXIS2_PLACEMENT_3D('',#2720,#2721,#2722);
#2720 = CARTESIAN_POINT('',(0.,19.85,10.2));
#2721 = DIRECTION('',(-0.,-1.,-0.));
#2722 = DIRECTION('',(1.,-0.,0.));
#2723 = DEFINITIONAL_REPRESENTATION('',(#2724),#2728);
#2724 = LINE('',#2725,#2726);
#2725 = CARTESIAN_POINT('',(0.,4.1));
#2726 = VECTOR('',#2727,1.);
#2727 = DIRECTION('',(1.,0.));
#2728 = ( GEOMETRIC_REPRESENTATION_CONTEXT(2) 
PARAMETRIC_REPRESENTATION_CONTEXT() REPRESENTATION_CONTEXT('2D SPACE',''
  ) );
#2729 = ORIENTED_EDGE('',*,*,#2680,.T.);
#2730 = ORIENTED_EDGE('',*,*,#2586,.F.);
#2731 = ADVANCED_FACE('',(#2732),#2664,.T.);
#2732 = FACE_BOUND('',#2733,.T.);
#2733 = EDGE_LOOP('',(#2734,#2735,#2758));
#2734 = ORIENTED_EDGE('',*,*,#2649,.T.);
#2735 = ORIENTED_EDGE('',*,*,#2736,.T.);
#2736 = EDGE_CURVE('',#2627,#2737,#2739,.T.);
#2737 = VERTEX_POINT('',#2738);
#2738 = CARTESIAN_POINT('',(0.,0.15,10.2));
#2739 = SEAM_CURVE('',#2740,(#2744,#2751),.PCURVE_S1.);
#2740 = LINE('',#2741,#2742);
#2741 = CARTESIAN_POINT('',(4.1,4.25,10.2));
#2742 = VECTOR('',#2743,1.);
#2743 = DIRECTION('',(-0.707106781187,-0.707106781187,0.));
#2744 = PCURVE('',#2664,#2745);
#2745 = DEFINITIONAL_REPRESENTATION('',(#2746),#2750);
#2746 = LINE('',#2747,#2748);
#2747 = CARTESIAN_POINT('',(-0.,-0.));
#2748 = VECTOR('',#2749,1.);
#2749 = DIRECTION('',(-0.,-1.));
#2750 = ( GEOMETRIC_REPRESENTATION_CONTEXT(2) 
PARAMETRIC_REPRESENTATION_CONTEXT() REPRESENTATION_CONTEXT('2D SPACE',''
  ) );
#2751 = PCURVE('',#2664,#2752);
#2752 = DEFINITIONAL_REPRESENTATION('',(#2753),#2757);
#2753 = LINE('',#2754,#2755);
#2754 = CARTESIAN_POINT('',(-6.28318530718,-0.));
#2755 = VECTOR('',#2756,1.);
#2756 = DIRECTION('',(-0.,-1.));
#2757 = ( GEOMETRIC_REPRESENTATION_CONTEXT(2) 
PARAMETRIC_REPRESENTATION_CONTEXT() REPRESENTATION_CONTEXT('2D SPACE',''
  ) );
#2758 = ORIENTED_EDGE('',*,*,#2736,.F.);
#2759 = ADVANCED_FACE('',(#2760),#2718,.T.);
#2760 = FACE_BOUND('',#2761,.T.);
#2761 = EDGE_LOOP('',(#2762,#2785,#2786));
#2762 = ORIENTED_EDGE('',*,*,#2763,.T.);
#2763 = EDGE_CURVE('',#2764,#2681,#2766,.T.);
#2764 = VERTEX_POINT('',#2765);
#2765 = CARTESIAN_POINT('',(0.,19.85,10.2));
#2766 = SEAM_CURVE('',#2767,(#2771,#2778),.PCURVE_S1.);
#2767 = LINE('',#2768,#2769);
#2768 = CARTESIAN_POINT('',(0.,19.85,10.2));
#2769 = VECTOR('',#2770,1.);
#2770 = DIRECTION('',(0.707106781187,-0.707106781187,0.));
#2771 = PCURVE('',#2718,#2772);
#2772 = DEFINITIONAL_REPRESENTATION('',(#2773),#2777);
#2773 = LINE('',#2774,#2775);
#2774 = CARTESIAN_POINT('',(0.,0.));
#2775 = VECTOR('',#2776,1.);
#2776 = DIRECTION('',(0.,1.));
#2777 = ( GEOMETRIC_REPRESENTATION_CONTEXT(2) 
PARAMETRIC_REPRESENTATION_CONTEXT() REPRESENTATION_CONTEXT('2D SPACE',''
  ) );
#2778 = PCURVE('',#2718,#2779);
#2779 = DEFINITIONAL_REPRESENTATION('',(#2780),#2784);
#2780 = LINE('',#2781,#2782);
#2781 = CARTESIAN_POINT('',(6.28318530718,0.));
#2782 = VECTOR('',#2783,1.);
#2783 = DIRECTION('',(0.,1.));
#2784 = ( GEOMETRIC_REPRESENTATION_CONTEXT(2) 
PARAMETRIC_REPRESENTATION_CONTEXT() REPRESENTATION_CONTEXT('2D SPACE',''
  ) );
#2785 = ORIENTED_EDGE('',*,*,#2703,.F.);
#2786 = ORIENTED_EDGE('',*,*,#2763,.F.);
#2787 = MANIFOLD_SOLID_BREP('',#2788);
#2788 = CLOSED_SHELL('',(#2789,#2905,#2987,#3067,#3114,#3170,#3177,#3232
    ,#3287,#3315));
#2789 = ADVANCED_FACE('',(#2790),#2804,.T.);
#2790 = FACE_BOUND('',#2791,.T.);
#2791 = EDGE_LOOP('',(#2792,#2827,#2853,#2881));
#2792 = ORIENTED_EDGE('',*,*,#2793,.T.);
#2793 = EDGE_CURVE('',#2794,#2796,#2798,.T.);
#2794 = VERTEX_POINT('',#2795);
#2795 = CARTESIAN_POINT('',(-10.19803902718,-14.85,10.));
#2796 = VERTEX_POINT('',#2797);
#2797 = CARTESIAN_POINT('',(-10.19803902718,-5.15,10.));
#2798 = SURFACE_CURVE('',#2799,(#2803,#2815),.PCURVE_S1.);
#2799 = LINE('',#2800,#2801);
#2800 = CARTESIAN_POINT('',(-10.19803902718,-30.,10.));
#2801 = VECTOR('',#2802,1.);
#2802 = DIRECTION('',(0.,1.,0.));
#2803 = PCURVE('',#2804,#2809);
#2804 = PLANE('',#2805);
#2805 = AXIS2_PLACEMENT_3D('',#2806,#2807,#2808);
#2806 = CARTESIAN_POINT('',(-10.19803902718,0.,10.));
#2807 = DIRECTION('',(0.,0.,1.));
#2808 = DIRECTION('',(-1.,0.,0.));
#2809 = DEFINITIONAL_REPRESENTATION('',(#2810),#2814);
#2810 = LINE('',#2811,#2812);
#2811 = CARTESIAN_POINT('',(0.,30.));
#2812 = VECTOR('',#2813,1.);
#2813 = DIRECTION('',(0.,-1.));
#2814 = ( GEOMETRIC_REPRESENTATION_CONTEXT(2) 
PARAMETRIC_REPRESENTATION_CONTEXT() REPRESENTATION_CONTEXT('2D SPACE',''
  ) );
#2815 = PCURVE('',#2816,#2821);
#2816 = CYLINDRICAL_SURFACE('',#2817,10.2);
#2817 = AXIS2_PLACEMENT_3D('',#2818,#2819,#2820);
#2818 = CARTESIAN_POINT('',(0.,0.,10.2));
#2819 = DIRECTION('',(0.,-1.,0.));
#2820 = DIRECTION('',(1.,0.,0.));
#2821 = DEFINITIONAL_REPRESENTATION('',(#2822),#2826);
#2822 = LINE('',#2823,#2824);
#2823 = CARTESIAN_POINT('',(3.161201753374,30.));
#2824 = VECTOR('',#2825,1.);
#2825 = DIRECTION('',(0.,-1.));
#2826 = ( GEOMETRIC_REPRESENTATION_CONTEXT(2) 
PARAMETRIC_REPRESENTATION_CONTEXT() REPRESENTATION_CONTEXT('2D SPACE',''
  ) );
#2827 = ORIENTED_EDGE('',*,*,#2828,.F.);
#2828 = EDGE_CURVE('',#2829,#2796,#2831,.T.);
#2829 = VERTEX_POINT('',#2830);
#2830 = CARTESIAN_POINT('',(-10.7,-5.15,10.));
#2831 = SURFACE_CURVE('',#2832,(#2836,#2842),.PCURVE_S1.);
#2832 = LINE('',#2833,#2834);
#2833 = CARTESIAN_POINT('',(-10.49901951359,-5.15,10.));
#2834 = VECTOR('',#2835,1.);
#2835 = DIRECTION('',(1.,0.,-0.));
#2836 = PCURVE('',#2804,#2837);
#2837 = DEFINITIONAL_REPRESENTATION('',(#2838),#2841);
#2838 = B_SPLINE_CURVE_WITH_KNOTS('',1,(#2839,#2840),.UNSPECIFIED.,.F.,
  .F.,(2,2),(-0.200980486407,0.300980486407),.PIECEWISE_BEZIER_KNOTS.);
#2839 = CARTESIAN_POINT('',(0.501960972814,5.15));
#2840 = CARTESIAN_POINT('',(0.,5.15));
#2841 = ( GEOMETRIC_REPRESENTATION_CONTEXT(2) 
PARAMETRIC_REPRESENTATION_CONTEXT() REPRESENTATION_CONTEXT('2D SPACE',''
  ) );
#2842 = PCURVE('',#2843,#2848);
#2843 = PLANE('',#2844);
#2844 = AXIS2_PLACEMENT_3D('',#2845,#2846,#2847);
#2845 = CARTESIAN_POINT('',(-10.8,-5.15,10.2));
#2846 = DIRECTION('',(0.,-1.,0.));
#2847 = DIRECTION('',(1.,0.,0.));
#2848 = DEFINITIONAL_REPRESENTATION('',(#2849),#2852);
#2849 = B_SPLINE_CURVE_WITH_KNOTS('',1,(#2850,#2851),.UNSPECIFIED.,.F.,
  .F.,(2,2),(-0.200980486407,0.300980486407),.PIECEWISE_BEZIER_KNOTS.);
#2850 = CARTESIAN_POINT('',(1.E-01,-0.2));
#2851 = CARTESIAN_POINT('',(0.601960972814,-0.2));
#2852 = ( GEOMETRIC_REPRESENTATION_CONTEXT(2) 
PARAMETRIC_REPRESENTATION_CONTEXT() REPRESENTATION_CONTEXT('2D SPACE',''
  ) );
#2853 = ORIENTED_EDGE('',*,*,#2854,.T.);
#2854 = EDGE_CURVE('',#2829,#2855,#2857,.T.);
#2855 = VERTEX_POINT('',#2856);
#2856 = CARTESIAN_POINT('',(-10.7,-14.85,10.));
#2857 = SURFACE_CURVE('',#2858,(#2862,#2869),.PCURVE_S1.);
#2858 = LINE('',#2859,#2860);
#2859 = CARTESIAN_POINT('',(-10.7,30.,10.));
#2860 = VECTOR('',#2861,1.);
#2861 = DIRECTION('',(0.,-1.,0.));
#2862 = PCURVE('',#2804,#2863);
#2863 = DEFINITIONAL_REPRESENTATION('',(#2864),#2868);
#2864 = LINE('',#2865,#2866);
#2865 = CARTESIAN_POINT('',(0.501960972814,-30.));
#2866 = VECTOR('',#2867,1.);
#2867 = DIRECTION('',(0.,1.));
#2868 = ( GEOMETRIC_REPRESENTATION_CONTEXT(2) 
PARAMETRIC_REPRESENTATION_CONTEXT() REPRESENTATION_CONTEXT('2D SPACE',''
  ) );
#2869 = PCURVE('',#2870,#2875);
#2870 = PLANE('',#2871);
#2871 = AXIS2_PLACEMENT_3D('',#2872,#2873,#2874);
#2872 = CARTESIAN_POINT('',(-10.7,0.,10.));
#2873 = DIRECTION('',(-1.,-0.,-0.));
#2874 = DIRECTION('',(0.,0.,-1.));
#2875 = DEFINITIONAL_REPRESENTATION('',(#2876),#2880);
#2876 = LINE('',#2877,#2878);
#2877 = CARTESIAN_POINT('',(0.,-30.));
#2878 = VECTOR('',#2879,1.);
#2879 = DIRECTION('',(0.,1.));
#2880 = ( GEOMETRIC_REPRESENTATION_CONTEXT(2) 
PARAMETRIC_REPRESENTATION_CONTEXT() REPRESENTATION_CONTEXT('2D SPACE',''
  ) );
#2881 = ORIENTED_EDGE('',*,*,#2882,.F.);
#2882 = EDGE_CURVE('',#2794,#2855,#2883,.T.);
#2883 = SURFACE_CURVE('',#2884,(#2888,#2894),.PCURVE_S1.);
#2884 = LINE('',#2885,#2886);
#2885 = CARTESIAN_POINT('',(0.300980486407,-14.85,10.));
#2886 = VECTOR('',#2887,1.);
#2887 = DIRECTION('',(-1.,0.,0.));
#2888 = PCURVE('',#2804,#2889);
#2889 = DEFINITIONAL_REPRESENTATION('',(#2890),#2893);
#2890 = B_SPLINE_CURVE_WITH_KNOTS('',1,(#2891,#2892),.UNSPECIFIED.,.F.,
  .F.,(2,2),(10.499019513593,11.000980486407),.PIECEWISE_BEZIER_KNOTS.);
#2891 = CARTESIAN_POINT('',(0.,14.85));
#2892 = CARTESIAN_POINT('',(0.501960972814,14.85));
#2893 = ( GEOMETRIC_REPRESENTATION_CONTEXT(2) 
PARAMETRIC_REPRESENTATION_CONTEXT() REPRESENTATION_CONTEXT('2D SPACE',''
  ) );
#2894 = PCURVE('',#2895,#2900);
#2895 = PLANE('',#2896);
#2896 = AXIS2_PLACEMENT_3D('',#2897,#2898,#2899);
#2897 = CARTESIAN_POINT('',(10.8,-14.85,10.2));
#2898 = DIRECTION('',(0.,1.,-0.));
#2899 = DIRECTION('',(-1.,0.,0.));
#2900 = DEFINITIONAL_REPRESENTATION('',(#2901),#2904);
#2901 = B_SPLINE_CURVE_WITH_KNOTS('',1,(#2902,#2903),.UNSPECIFIED.,.F.,
  .F.,(2,2),(10.499019513593,11.000980486407),.PIECEWISE_BEZIER_KNOTS.);
#2902 = CARTESIAN_POINT('',(20.998039027186,-0.2));
#2903 = CARTESIAN_POINT('',(21.5,-0.2));
#2904 = ( GEOMETRIC_REPRESENTATION_CONTEXT(2) 
PARAMETRIC_REPRESENTATION_CONTEXT() REPRESENTATION_CONTEXT('2D SPACE',''
  ) );
#2905 = ADVANCED_FACE('',(#2906),#2816,.T.);
#2906 = FACE_BOUND('',#2907,.T.);
#2907 = EDGE_LOOP('',(#2908,#2938,#2960,#2961));
#2908 = ORIENTED_EDGE('',*,*,#2909,.T.);
#2909 = EDGE_CURVE('',#2910,#2912,#2914,.T.);
#2910 = VERTEX_POINT('',#2911);
#2911 = CARTESIAN_POINT('',(-9.368548013477E-16,-14.85,0.));
#2912 = VERTEX_POINT('',#2913);
#2913 = CARTESIAN_POINT('',(-9.368548013477E-16,-5.15,0.));
#2914 = SURFACE_CURVE('',#2915,(#2919,#2926),.PCURVE_S1.);
#2915 = LINE('',#2916,#2917);
#2916 = CARTESIAN_POINT('',(-9.368548013477E-16,-30.,0.));
#2917 = VECTOR('',#2918,1.);
#2918 = DIRECTION('',(0.,1.,0.));
#2919 = PCURVE('',#2816,#2920);
#2920 = DEFINITIONAL_REPRESENTATION('',(#2921),#2925);
#2921 = LINE('',#2922,#2923);
#2922 = CARTESIAN_POINT('',(-1.570796326795,30.));
#2923 = VECTOR('',#2924,1.);
#2924 = DIRECTION('',(0.,-1.));
#2925 = ( GEOMETRIC_REPRESENTATION_CONTEXT(2) 
PARAMETRIC_REPRESENTATION_CONTEXT() REPRESENTATION_CONTEXT('2D SPACE',''
  ) );
#2926 = PCURVE('',#2927,#2932);
#2927 = PLANE('',#2928);
#2928 = AXIS2_PLACEMENT_3D('',#2929,#2930,#2931);
#2929 = CARTESIAN_POINT('',(-10.7,0.,0.));
#2930 = DIRECTION('',(0.,0.,-1.));
#2931 = DIRECTION('',(1.,0.,0.));
#2932 = DEFINITIONAL_REPRESENTATION('',(#2933),#2937);
#2933 = LINE('',#2934,#2935);
#2934 = CARTESIAN_POINT('',(10.7,30.));
#2935 = VECTOR('',#2936,1.);
#2936 = DIRECTION('',(0.,-1.));
#2937 = ( GEOMETRIC_REPRESENTATION_CONTEXT(2) 
PARAMETRIC_REPRESENTATION_CONTEXT() REPRESENTATION_CONTEXT('2D SPACE',''
  ) );
#2938 = ORIENTED_EDGE('',*,*,#2939,.T.);
#2939 = EDGE_CURVE('',#2912,#2796,#2940,.T.);
#2940 = SURFACE_CURVE('',#2941,(#2946,#2953),.PCURVE_S1.);
#2941 = CIRCLE('',#2942,10.2);
#2942 = AXIS2_PLACEMENT_3D('',#2943,#2944,#2945);
#2943 = CARTESIAN_POINT('',(0.,-5.15,10.2));
#2944 = DIRECTION('',(0.,-1.,0.));
#2945 = DIRECTION('',(1.,0.,0.));
#2946 = PCURVE('',#2816,#2947);
#2947 = DEFINITIONAL_REPRESENTATION('',(#2948),#2952);
#2948 = LINE('',#2949,#2950);
#2949 = CARTESIAN_POINT('',(-6.28318530718,5.15));
#2950 = VECTOR('',#2951,1.);
#2951 = DIRECTION('',(1.,0.));
#2952 = ( GEOMETRIC_REPRESENTATION_CONTEXT(2) 
PARAMETRIC_REPRESENTATION_CONTEXT() REPRESENTATION_CONTEXT('2D SPACE',''
  ) );
#2953 = PCURVE('',#2843,#2954);
#2954 = DEFINITIONAL_REPRESENTATION('',(#2955),#2959);
#2955 = CIRCLE('',#2956,10.2);
#2956 = AXIS2_PLACEMENT_2D('',#2957,#2958);
#2957 = CARTESIAN_POINT('',(10.8,0.));
#2958 = DIRECTION('',(1.,0.));
#2959 = ( GEOMETRIC_REPRESENTATION_CONTEXT(2) 
PARAMETRIC_REPRESENTATION_CONTEXT() REPRESENTATION_CONTEXT('2D SPACE',''
  ) );
#2960 = ORIENTED_EDGE('',*,*,#2793,.F.);
#2961 = ORIENTED_EDGE('',*,*,#2962,.F.);
#2962 = EDGE_CURVE('',#2910,#2794,#2963,.T.);
#2963 = SURFACE_CURVE('',#2964,(#2969,#2976),.PCURVE_S1.);
#2964 = CIRCLE('',#2965,10.2);
#2965 = AXIS2_PLACEMENT_3D('',#2966,#2967,#2968);
#2966 = CARTESIAN_POINT('',(0.,-14.85,10.2));
#2967 = DIRECTION('',(0.,-1.,0.));
#2968 = DIRECTION('',(1.,0.,0.));
#2969 = PCURVE('',#2816,#2970);
#2970 = DEFINITIONAL_REPRESENTATION('',(#2971),#2975);
#2971 = LINE('',#2972,#2973);
#2972 = CARTESIAN_POINT('',(-6.28318530718,14.85));
#2973 = VECTOR('',#2974,1.);
#2974 = DIRECTION('',(1.,0.));
#2975 = ( GEOMETRIC_REPRESENTATION_CONTEXT(2) 
PARAMETRIC_REPRESENTATION_CONTEXT() REPRESENTATION_CONTEXT('2D SPACE',''
  ) );
#2976 = PCURVE('',#2895,#2977);
#2977 = DEFINITIONAL_REPRESENTATION('',(#2978),#2986);
#2978 = ( BOUNDED_CURVE() B_SPLINE_CURVE(2,(#2979,#2980,#2981,#2982,
#2983,#2984,#2985),.UNSPECIFIED.,.T.,.F.) B_SPLINE_CURVE_WITH_KNOTS((1,2
    ,2,2,2,1),(-2.094395102393,0.,2.094395102393,4.188790204786,
6.28318530718,8.377580409573),.UNSPECIFIED.) CURVE() 
GEOMETRIC_REPRESENTATION_ITEM() RATIONAL_B_SPLINE_CURVE((1.,0.5,1.,0.5,
1.,0.5,1.)) REPRESENTATION_ITEM('') );
#2979 = CARTESIAN_POINT('',(0.6,0.));
#2980 = CARTESIAN_POINT('',(0.6,17.666918237203));
#2981 = CARTESIAN_POINT('',(15.9,8.833459118601));
#2982 = CARTESIAN_POINT('',(31.2,2.498279470261E-15));
#2983 = CARTESIAN_POINT('',(15.9,-8.833459118601));
#2984 = CARTESIAN_POINT('',(0.6,-17.6669182372));
#2985 = CARTESIAN_POINT('',(0.6,0.));
#2986 = ( GEOMETRIC_REPRESENTATION_CONTEXT(2) 
PARAMETRIC_REPRESENTATION_CONTEXT() REPRESENTATION_CONTEXT('2D SPACE',''
  ) );
#2987 = ADVANCED_FACE('',(#2988,#3032),#2895,.F.);
#2988 = FACE_BOUND('',#2989,.F.);
#2989 = EDGE_LOOP('',(#2990,#2991,#2992,#3013));
#2990 = ORIENTED_EDGE('',*,*,#2882,.F.);
#2991 = ORIENTED_EDGE('',*,*,#2962,.F.);
#2992 = ORIENTED_EDGE('',*,*,#2993,.F.);
#2993 = EDGE_CURVE('',#2994,#2910,#2996,.T.);
#2994 = VERTEX_POINT('',#2995);
#2995 = CARTESIAN_POINT('',(-10.7,-14.85,0.));
#2996 = SURFACE_CURVE('',#2997,(#3001,#3007),.PCURVE_S1.);
#2997 = LINE('',#2998,#2999);
#2998 = CARTESIAN_POINT('',(5.E-02,-14.85,0.));
#2999 = VECTOR('',#3000,1.);
#3000 = DIRECTION('',(1.,0.,0.));
#3001 = PCURVE('',#2895,#3002);
#3002 = DEFINITIONAL_REPRESENTATION('',(#3003),#3006);
#3003 = B_SPLINE_CURVE_WITH_KNOTS('',1,(#3004,#3005),.UNSPECIFIED.,.F.,
  .F.,(2,2),(-10.75,-5.E-02),.PIECEWISE_BEZIER_KNOTS.);
#3004 = CARTESIAN_POINT('',(21.5,-10.2));
#3005 = CARTESIAN_POINT('',(10.8,-10.2));
#3006 = ( GEOMETRIC_REPRESENTATION_CONTEXT(2) 
PARAMETRIC_REPRESENTATION_CONTEXT() REPRESENTATION_CONTEXT('2D SPACE',''
  ) );
#3007 = PCURVE('',#2927,#3008);
#3008 = DEFINITIONAL_REPRESENTATION('',(#3009),#3012);
#3009 = B_SPLINE_CURVE_WITH_KNOTS('',1,(#3010,#3011),.UNSPECIFIED.,.F.,
  .F.,(2,2),(-10.75,-5.E-02),.PIECEWISE_BEZIER_KNOTS.);
#3010 = CARTESIAN_POINT('',(0.,14.85));
#3011 = CARTESIAN_POINT('',(10.7,14.85));
#3012 = ( GEOMETRIC_REPRESENTATION_CONTEXT(2) 
PARAMETRIC_REPRESENTATION_CONTEXT() REPRESENTATION_CONTEXT('2D SPACE',''
  ) );
#3013 = ORIENTED_EDGE('',*,*,#3014,.F.);
#3014 = EDGE_CURVE('',#2855,#2994,#3015,.T.);
#3015 = SURFACE_CURVE('',#3016,(#3020,#3026),.PCURVE_S1.);
#3016 = LINE('',#3017,#3018);
#3017 = CARTESIAN_POINT('',(-10.7,-14.85,10.1));
#3018 = VECTOR('',#3019,1.);
#3019 = DIRECTION('',(0.,-0.,-1.));
#3020 = PCURVE('',#2895,#3021);
#3021 = DEFINITIONAL_REPRESENTATION('',(#3022),#3025);
#3022 = B_SPLINE_CURVE_WITH_KNOTS('',1,(#3023,#3024),.UNSPECIFIED.,.F.,
  .F.,(2,2),(0.1,10.1),.PIECEWISE_BEZIER_KNOTS.);
#3023 = CARTESIAN_POINT('',(21.5,-0.2));
#3024 = CARTESIAN_POINT('',(21.5,-10.2));
#3025 = ( GEOMETRIC_REPRESENTATION_CONTEXT(2) 
PARAMETRIC_REPRESENTATION_CONTEXT() REPRESENTATION_CONTEXT('2D SPACE',''
  ) );
#3026 = PCURVE('',#2870,#3027);
#3027 = DEFINITIONAL_REPRESENTATION('',(#3028),#3031);
#3028 = B_SPLINE_CURVE_WITH_KNOTS('',1,(#3029,#3030),.UNSPECIFIED.,.F.,
  .F.,(2,2),(0.1,10.1),.PIECEWISE_BEZIER_KNOTS.);
#3029 = CARTESIAN_POINT('',(0.,14.85));
#3030 = CARTESIAN_POINT('',(10.,14.85));
#3031 = ( GEOMETRIC_REPRESENTATION_CONTEXT(2) 
PARAMETRIC_REPRESENTATION_CONTEXT() REPRESENTATION_CONTEXT('2D SPACE',''
  ) );
#3032 = FACE_BOUND('',#3033,.F.);
#3033 = EDGE_LOOP('',(#3034));
#3034 = ORIENTED_EDGE('',*,*,#3035,.T.);
#3035 = EDGE_CURVE('',#3036,#3036,#3038,.T.);
#3036 = VERTEX_POINT('',#3037);
#3037 = CARTESIAN_POINT('',(4.1,-14.85,10.2));
#3038 = SURFACE_CURVE('',#3039,(#3044,#3055),.PCURVE_S1.);
#3039 = CIRCLE('',#3040,4.1);
#3040 = AXIS2_PLACEMENT_3D('',#3041,#3042,#3043);
#3041 = CARTESIAN_POINT('',(0.,-14.85,10.2));
#3042 = DIRECTION('',(-0.,-1.,0.));
#3043 = DIRECTION('',(1.,-0.,0.));
#3044 = PCURVE('',#2895,#3045);
#3045 = DEFINITIONAL_REPRESENTATION('',(#3046),#3054);
#3046 = ( BOUNDED_CURVE() B_SPLINE_CURVE(2,(#3047,#3048,#3049,#3050,
#3051,#3052,#3053),.UNSPECIFIED.,.T.,.F.) B_SPLINE_CURVE_WITH_KNOTS((1,2
    ,2,2,2,1),(-2.094395102393,0.,2.094395102393,4.188790204786,
6.28318530718,8.377580409573),.UNSPECIFIED.) CURVE() 
GEOMETRIC_REPRESENTATION_ITEM() RATIONAL_B_SPLINE_CURVE((1.,0.5,1.,0.5,
1.,0.5,1.)) REPRESENTATION_ITEM('') );
#3047 = CARTESIAN_POINT('',(6.7,0.));
#3048 = CARTESIAN_POINT('',(6.7,7.101408311032));
#3049 = CARTESIAN_POINT('',(12.85,3.550704155516));
#3050 = CARTESIAN_POINT('',(19.,1.004210375301E-15));
#3051 = CARTESIAN_POINT('',(12.85,-3.550704155516));
#3052 = CARTESIAN_POINT('',(6.7,-7.101408311032));
#3053 = CARTESIAN_POINT('',(6.7,0.));
#3054 = ( GEOMETRIC_REPRESENTATION_CONTEXT(2) 
PARAMETRIC_REPRESENTATION_CONTEXT() REPRESENTATION_CONTEXT('2D SPACE',''
  ) );
#3055 = PCURVE('',#3056,#3061);
#3056 = CYLINDRICAL_SURFACE('',#3057,4.1);
#3057 = AXIS2_PLACEMENT_3D('',#3058,#3059,#3060);
#3058 = CARTESIAN_POINT('',(0.,-4.25,10.2));
#3059 = DIRECTION('',(-0.,-1.,-0.));
#3060 = DIRECTION('',(1.,-0.,0.));
#3061 = DEFINITIONAL_REPRESENTATION('',(#3062),#3066);
#3062 = LINE('',#3063,#3064);
#3063 = CARTESIAN_POINT('',(0.,10.6));
#3064 = VECTOR('',#3065,1.);
#3065 = DIRECTION('',(1.,0.));
#3066 = ( GEOMETRIC_REPRESENTATION_CONTEXT(2) 
PARAMETRIC_REPRESENTATION_CONTEXT() REPRESENTATION_CONTEXT('2D SPACE',''
  ) );
#3067 = ADVANCED_FACE('',(#3068),#2870,.T.);
#3068 = FACE_BOUND('',#3069,.T.);
#3069 = EDGE_LOOP('',(#3070,#3071,#3092,#3113));
#3070 = ORIENTED_EDGE('',*,*,#2854,.F.);
#3071 = ORIENTED_EDGE('',*,*,#3072,.F.);
#3072 = EDGE_CURVE('',#3073,#2829,#3075,.T.);
#3073 = VERTEX_POINT('',#3074);
#3074 = CARTESIAN_POINT('',(-10.7,-5.15,0.));
#3075 = SURFACE_CURVE('',#3076,(#3080,#3086),.PCURVE_S1.);
#3076 = LINE('',#3077,#3078);
#3077 = CARTESIAN_POINT('',(-10.7,-5.15,10.1));
#3078 = VECTOR('',#3079,1.);
#3079 = DIRECTION('',(-0.,0.,1.));
#3080 = PCURVE('',#2870,#3081);
#3081 = DEFINITIONAL_REPRESENTATION('',(#3082),#3085);
#3082 = B_SPLINE_CURVE_WITH_KNOTS('',1,(#3083,#3084),.UNSPECIFIED.,.F.,
  .F.,(2,2),(-10.1,-0.1),.PIECEWISE_BEZIER_KNOTS.);
#3083 = CARTESIAN_POINT('',(10.,5.15));
#3084 = CARTESIAN_POINT('',(0.,5.15));
#3085 = ( GEOMETRIC_REPRESENTATION_CONTEXT(2) 
PARAMETRIC_REPRESENTATION_CONTEXT() REPRESENTATION_CONTEXT('2D SPACE',''
  ) );
#3086 = PCURVE('',#2843,#3087);
#3087 = DEFINITIONAL_REPRESENTATION('',(#3088),#3091);
#3088 = B_SPLINE_CURVE_WITH_KNOTS('',1,(#3089,#3090),.UNSPECIFIED.,.F.,
  .F.,(2,2),(-10.1,-0.1),.PIECEWISE_BEZIER_KNOTS.);
#3089 = CARTESIAN_POINT('',(1.E-01,-10.2));
#3090 = CARTESIAN_POINT('',(1.E-01,-0.2));
#3091 = ( GEOMETRIC_REPRESENTATION_CONTEXT(2) 
PARAMETRIC_REPRESENTATION_CONTEXT() REPRESENTATION_CONTEXT('2D SPACE',''
  ) );
#3092 = ORIENTED_EDGE('',*,*,#3093,.T.);
#3093 = EDGE_CURVE('',#3073,#2994,#3094,.T.);
#3094 = SURFACE_CURVE('',#3095,(#3099,#3106),.PCURVE_S1.);
#3095 = LINE('',#3096,#3097);
#3096 = CARTESIAN_POINT('',(-10.7,30.,0.));
#3097 = VECTOR('',#3098,1.);
#3098 = DIRECTION('',(0.,-1.,0.));
#3099 = PCURVE('',#2870,#3100);
#3100 = DEFINITIONAL_REPRESENTATION('',(#3101),#3105);
#3101 = LINE('',#3102,#3103);
#3102 = CARTESIAN_POINT('',(10.,-30.));
#3103 = VECTOR('',#3104,1.);
#3104 = DIRECTION('',(0.,1.));
#3105 = ( GEOMETRIC_REPRESENTATION_CONTEXT(2) 
PARAMETRIC_REPRESENTATION_CONTEXT() REPRESENTATION_CONTEXT('2D SPACE',''
  ) );
#3106 = PCURVE('',#2927,#3107);
#3107 = DEFINITIONAL_REPRESENTATION('',(#3108),#3112);
#3108 = LINE('',#3109,#3110);
#3109 = CARTESIAN_POINT('',(0.,-30.));
#3110 = VECTOR('',#3111,1.);
#3111 = DIRECTION('',(0.,1.));
#3112 = ( GEOMETRIC_REPRESENTATION_CONTEXT(2) 
PARAMETRIC_REPRESENTATION_CONTEXT() REPRESENTATION_CONTEXT('2D SPACE',''
  ) );
#3113 = ORIENTED_EDGE('',*,*,#3014,.F.);
#3114 = ADVANCED_FACE('',(#3115,#3139),#2843,.F.);
#3115 = FACE_BOUND('',#3116,.F.);
#3116 = EDGE_LOOP('',(#3117,#3118,#3119,#3138));
#3117 = ORIENTED_EDGE('',*,*,#2828,.F.);
#3118 = ORIENTED_EDGE('',*,*,#3072,.F.);
#3119 = ORIENTED_EDGE('',*,*,#3120,.F.);
#3120 = EDGE_CURVE('',#2912,#3073,#3121,.T.);
#3121 = SURFACE_CURVE('',#3122,(#3126,#3132),.PCURVE_S1.);
#3122 = LINE('',#3123,#3124);
#3123 = CARTESIAN_POINT('',(-10.75,-5.15,0.));
#3124 = VECTOR('',#3125,1.);
#3125 = DIRECTION('',(-1.,-0.,-0.));
#3126 = PCURVE('',#2843,#3127);
#3127 = DEFINITIONAL_REPRESENTATION('',(#3128),#3131);
#3128 = B_SPLINE_CURVE_WITH_KNOTS('',1,(#3129,#3130),.UNSPECIFIED.,.F.,
  .F.,(2,2),(-10.75,-5.E-02),.PIECEWISE_BEZIER_KNOTS.);
#3129 = CARTESIAN_POINT('',(10.8,-10.2));
#3130 = CARTESIAN_POINT('',(1.E-01,-10.2));
#3131 = ( GEOMETRIC_REPRESENTATION_CONTEXT(2) 
PARAMETRIC_REPRESENTATION_CONTEXT() REPRESENTATION_CONTEXT('2D SPACE',''
  ) );
#3132 = PCURVE('',#2927,#3133);
#3133 = DEFINITIONAL_REPRESENTATION('',(#3134),#3137);
#3134 = B_SPLINE_CURVE_WITH_KNOTS('',1,(#3135,#3136),.UNSPECIFIED.,.F.,
  .F.,(2,2),(-10.75,-5.E-02),.PIECEWISE_BEZIER_KNOTS.);
#3135 = CARTESIAN_POINT('',(10.7,5.15));
#3136 = CARTESIAN_POINT('',(0.,5.15));
#3137 = ( GEOMETRIC_REPRESENTATION_CONTEXT(2) 
PARAMETRIC_REPRESENTATION_CONTEXT() REPRESENTATION_CONTEXT('2D SPACE',''
  ) );
#3138 = ORIENTED_EDGE('',*,*,#2939,.T.);
#3139 = FACE_BOUND('',#3140,.F.);
#3140 = EDGE_LOOP('',(#3141));
#3141 = ORIENTED_EDGE('',*,*,#3142,.F.);
#3142 = EDGE_CURVE('',#3143,#3143,#3145,.T.);
#3143 = VERTEX_POINT('',#3144);
#3144 = CARTESIAN_POINT('',(4.1,-5.15,10.2));
#3145 = SURFACE_CURVE('',#3146,(#3151,#3158),.PCURVE_S1.);
#3146 = CIRCLE('',#3147,4.1);
#3147 = AXIS2_PLACEMENT_3D('',#3148,#3149,#3150);
#3148 = CARTESIAN_POINT('',(0.,-5.15,10.2));
#3149 = DIRECTION('',(-0.,-1.,0.));
#3150 = DIRECTION('',(1.,-0.,0.));
#3151 = PCURVE('',#2843,#3152);
#3152 = DEFINITIONAL_REPRESENTATION('',(#3153),#3157);
#3153 = CIRCLE('',#3154,4.1);
#3154 = AXIS2_PLACEMENT_2D('',#3155,#3156);
#3155 = CARTESIAN_POINT('',(10.8,0.));
#3156 = DIRECTION('',(1.,0.));
#3157 = ( GEOMETRIC_REPRESENTATION_CONTEXT(2) 
PARAMETRIC_REPRESENTATION_CONTEXT() REPRESENTATION_CONTEXT('2D SPACE',''
  ) );
#3158 = PCURVE('',#3159,#3164);
#3159 = CYLINDRICAL_SURFACE('',#3160,4.1);
#3160 = AXIS2_PLACEMENT_3D('',#3161,#3162,#3163);
#3161 = CARTESIAN_POINT('',(0.,-4.25,10.2));
#3162 = DIRECTION('',(-0.,-1.,-0.));
#3163 = DIRECTION('',(1.,-0.,0.));
#3164 = DEFINITIONAL_REPRESENTATION('',(#3165),#3169);
#3165 = LINE('',#3166,#3167);
#3166 = CARTESIAN_POINT('',(0.,0.9));
#3167 = VECTOR('',#3168,1.);
#3168 = DIRECTION('',(1.,0.));
#3169 = ( GEOMETRIC_REPRESENTATION_CONTEXT(2) 
PARAMETRIC_REPRESENTATION_CONTEXT() REPRESENTATION_CONTEXT('2D SPACE',''
  ) );
#3170 = ADVANCED_FACE('',(#3171),#2927,.T.);
#3171 = FACE_BOUND('',#3172,.T.);
#3172 = EDGE_LOOP('',(#3173,#3174,#3175,#3176));
#3173 = ORIENTED_EDGE('',*,*,#3093,.F.);
#3174 = ORIENTED_EDGE('',*,*,#3120,.F.);
#3175 = ORIENTED_EDGE('',*,*,#2909,.F.);
#3176 = ORIENTED_EDGE('',*,*,#2993,.F.);
#3177 = ADVANCED_FACE('',(#3178),#3056,.T.);
#3178 = FACE_BOUND('',#3179,.T.);
#3179 = EDGE_LOOP('',(#3180,#3181,#3204,#3231));
#3180 = ORIENTED_EDGE('',*,*,#3035,.T.);
#3181 = ORIENTED_EDGE('',*,*,#3182,.T.);
#3182 = EDGE_CURVE('',#3036,#3183,#3185,.T.);
#3183 = VERTEX_POINT('',#3184);
#3184 = CARTESIAN_POINT('',(4.1,-15.75,10.2));
#3185 = SEAM_CURVE('',#3186,(#3190,#3197),.PCURVE_S1.);
#3186 = LINE('',#3187,#3188);
#3187 = CARTESIAN_POINT('',(4.1,-4.25,10.2));
#3188 = VECTOR('',#3189,1.);
#3189 = DIRECTION('',(0.,-1.,0.));
#3190 = PCURVE('',#3056,#3191);
#3191 = DEFINITIONAL_REPRESENTATION('',(#3192),#3196);
#3192 = LINE('',#3193,#3194);
#3193 = CARTESIAN_POINT('',(0.,0.));
#3194 = VECTOR('',#3195,1.);
#3195 = DIRECTION('',(0.,1.));
#3196 = ( GEOMETRIC_REPRESENTATION_CONTEXT(2) 
PARAMETRIC_REPRESENTATION_CONTEXT() REPRESENTATION_CONTEXT('2D SPACE',''
  ) );
#3197 = PCURVE('',#3056,#3198);
#3198 = DEFINITIONAL_REPRESENTATION('',(#3199),#3203);
#3199 = LINE('',#3200,#3201);
#3200 = CARTESIAN_POINT('',(6.28318530718,0.));
#3201 = VECTOR('',#3202,1.);
#3202 = DIRECTION('',(0.,1.));
#3203 = ( GEOMETRIC_REPRESENTATION_CONTEXT(2) 
PARAMETRIC_REPRESENTATION_CONTEXT() REPRESENTATION_CONTEXT('2D SPACE',''
  ) );
#3204 = ORIENTED_EDGE('',*,*,#3205,.F.);
#3205 = EDGE_CURVE('',#3183,#3183,#3206,.T.);
#3206 = SURFACE_CURVE('',#3207,(#3212,#3219),.PCURVE_S1.);
#3207 = CIRCLE('',#3208,4.1);
#3208 = AXIS2_PLACEMENT_3D('',#3209,#3210,#3211);
#3209 = CARTESIAN_POINT('',(0.,-15.75,10.2));
#3210 = DIRECTION('',(-0.,-1.,0.));
#3211 = DIRECTION('',(1.,-0.,0.));
#3212 = PCURVE('',#3056,#3213);
#3213 = DEFINITIONAL_REPRESENTATION('',(#3214),#3218);
#3214 = LINE('',#3215,#3216);
#3215 = CARTESIAN_POINT('',(0.,11.5));
#3216 = VECTOR('',#3217,1.);
#3217 = DIRECTION('',(1.,0.));
#3218 = ( GEOMETRIC_REPRESENTATION_CONTEXT(2) 
PARAMETRIC_REPRESENTATION_CONTEXT() REPRESENTATION_CONTEXT('2D SPACE',''
  ) );
#3219 = PCURVE('',#3220,#3225);
#3220 = CONICAL_SURFACE('',#3221,4.1,0.785398163397);
#3221 = AXIS2_PLACEMENT_3D('',#3222,#3223,#3224);
#3222 = CARTESIAN_POINT('',(0.,-15.75,10.2));
#3223 = DIRECTION('',(0.,1.,0.));
#3224 = DIRECTION('',(1.,-0.,0.));
#3225 = DEFINITIONAL_REPRESENTATION('',(#3226),#3230);
#3226 = LINE('',#3227,#3228);
#3227 = CARTESIAN_POINT('',(-0.,-0.));
#3228 = VECTOR('',#3229,1.);
#3229 = DIRECTION('',(-1.,-0.));
#3230 = ( GEOMETRIC_REPRESENTATION_CONTEXT(2) 
PARAMETRIC_REPRESENTATION_CONTEXT() REPRESENTATION_CONTEXT('2D SPACE',''
  ) );
#3231 = ORIENTED_EDGE('',*,*,#3182,.F.);
#3232 = ADVANCED_FACE('',(#3233),#3159,.T.);
#3233 = FACE_BOUND('',#3234,.T.);
#3234 = EDGE_LOOP('',(#3235,#3258,#3285,#3286));
#3235 = ORIENTED_EDGE('',*,*,#3236,.F.);
#3236 = EDGE_CURVE('',#3237,#3143,#3239,.T.);
#3237 = VERTEX_POINT('',#3238);
#3238 = CARTESIAN_POINT('',(4.1,-4.25,10.2));
#3239 = SEAM_CURVE('',#3240,(#3244,#3251),.PCURVE_S1.);
#3240 = LINE('',#3241,#3242);
#3241 = CARTESIAN_POINT('',(4.1,-4.25,10.2));
#3242 = VECTOR('',#3243,1.);
#3243 = DIRECTION('',(0.,-1.,0.));
#3244 = PCURVE('',#3159,#3245);
#3245 = DEFINITIONAL_REPRESENTATION('',(#3246),#3250);
#3246 = LINE('',#3247,#3248);
#3247 = CARTESIAN_POINT('',(0.,0.));
#3248 = VECTOR('',#3249,1.);
#3249 = DIRECTION('',(0.,1.));
#3250 = ( GEOMETRIC_REPRESENTATION_CONTEXT(2) 
PARAMETRIC_REPRESENTATION_CONTEXT() REPRESENTATION_CONTEXT('2D SPACE',''
  ) );
#3251 = PCURVE('',#3159,#3252);
#3252 = DEFINITIONAL_REPRESENTATION('',(#3253),#3257);
#3253 = LINE('',#3254,#3255);
#3254 = CARTESIAN_POINT('',(6.28318530718,0.));
#3255 = VECTOR('',#3256,1.);
#3256 = DIRECTION('',(0.,1.));
#3257 = ( GEOMETRIC_REPRESENTATION_CONTEXT(2) 
PARAMETRIC_REPRESENTATION_CONTEXT() REPRESENTATION_CONTEXT('2D SPACE',''
  ) );
#3258 = ORIENTED_EDGE('',*,*,#3259,.T.);
#3259 = EDGE_CURVE('',#3237,#3237,#3260,.T.);
#3260 = SURFACE_CURVE('',#3261,(#3266,#3273),.PCURVE_S1.);
#3261 = CIRCLE('',#3262,4.1);
#3262 = AXIS2_PLACEMENT_3D('',#3263,#3264,#3265);
#3263 = CARTESIAN_POINT('',(0.,-4.25,10.2));
#3264 = DIRECTION('',(-0.,-1.,0.));
#3265 = DIRECTION('',(1.,-0.,0.));
#3266 = PCURVE('',#3159,#3267);
#3267 = DEFINITIONAL_REPRESENTATION('',(#3268),#3272);
#3268 = LINE('',#3269,#3270);
#3269 = CARTESIAN_POINT('',(0.,0.));
#3270 = VECTOR('',#3271,1.);
#3271 = DIRECTION('',(1.,0.));
#3272 = ( GEOMETRIC_REPRESENTATION_CONTEXT(2) 
PARAMETRIC_REPRESENTATION_CONTEXT() REPRESENTATION_CONTEXT('2D SPACE',''
  ) );
#3273 = PCURVE('',#3274,#3279);
#3274 = CONICAL_SURFACE('',#3275,0.,0.785398163397);
#3275 = AXIS2_PLACEMENT_3D('',#3276,#3277,#3278);
#3276 = CARTESIAN_POINT('',(0.,-0.15,10.2));
#3277 = DIRECTION('',(-0.,-1.,-0.));
#3278 = DIRECTION('',(1.,-0.,0.));
#3279 = DEFINITIONAL_REPRESENTATION('',(#3280),#3284);
#3280 = LINE('',#3281,#3282);
#3281 = CARTESIAN_POINT('',(0.,4.1));
#3282 = VECTOR('',#3283,1.);
#3283 = DIRECTION('',(1.,0.));
#3284 = ( GEOMETRIC_REPRESENTATION_CONTEXT(2) 
PARAMETRIC_REPRESENTATION_CONTEXT() REPRESENTATION_CONTEXT('2D SPACE',''
  ) );
#3285 = ORIENTED_EDGE('',*,*,#3236,.T.);
#3286 = ORIENTED_EDGE('',*,*,#3142,.F.);
#3287 = ADVANCED_FACE('',(#3288),#3220,.T.);
#3288 = FACE_BOUND('',#3289,.T.);
#3289 = EDGE_LOOP('',(#3290,#3291,#3314));
#3290 = ORIENTED_EDGE('',*,*,#3205,.T.);
#3291 = ORIENTED_EDGE('',*,*,#3292,.T.);
#3292 = EDGE_CURVE('',#3183,#3293,#3295,.T.);
#3293 = VERTEX_POINT('',#3294);
#3294 = CARTESIAN_POINT('',(0.,-19.85,10.2));
#3295 = SEAM_CURVE('',#3296,(#3300,#3307),.PCURVE_S1.);
#3296 = LINE('',#3297,#3298);
#3297 = CARTESIAN_POINT('',(4.1,-15.75,10.2));
#3298 = VECTOR('',#3299,1.);
#3299 = DIRECTION('',(-0.707106781187,-0.707106781187,0.));
#3300 = PCURVE('',#3220,#3301);
#3301 = DEFINITIONAL_REPRESENTATION('',(#3302),#3306);
#3302 = LINE('',#3303,#3304);
#3303 = CARTESIAN_POINT('',(-0.,-0.));
#3304 = VECTOR('',#3305,1.);
#3305 = DIRECTION('',(-0.,-1.));
#3306 = ( GEOMETRIC_REPRESENTATION_CONTEXT(2) 
PARAMETRIC_REPRESENTATION_CONTEXT() REPRESENTATION_CONTEXT('2D SPACE',''
  ) );
#3307 = PCURVE('',#3220,#3308);
#3308 = DEFINITIONAL_REPRESENTATION('',(#3309),#3313);
#3309 = LINE('',#3310,#3311);
#3310 = CARTESIAN_POINT('',(-6.28318530718,-0.));
#3311 = VECTOR('',#3312,1.);
#3312 = DIRECTION('',(-0.,-1.));
#3313 = ( GEOMETRIC_REPRESENTATION_CONTEXT(2) 
PARAMETRIC_REPRESENTATION_CONTEXT() REPRESENTATION_CONTEXT('2D SPACE',''
  ) );
#3314 = ORIENTED_EDGE('',*,*,#3292,.F.);
#3315 = ADVANCED_FACE('',(#3316),#3274,.T.);
#3316 = FACE_BOUND('',#3317,.T.);
#3317 = EDGE_LOOP('',(#3318,#3341,#3342));
#3318 = ORIENTED_EDGE('',*,*,#3319,.T.);
#3319 = EDGE_CURVE('',#3320,#3237,#3322,.T.);
#3320 = VERTEX_POINT('',#3321);
#3321 = CARTESIAN_POINT('',(0.,-0.15,10.2));
#3322 = SEAM_CURVE('',#3323,(#3327,#3334),.PCURVE_S1.);
#3323 = LINE('',#3324,#3325);
#3324 = CARTESIAN_POINT('',(0.,-0.15,10.2));
#3325 = VECTOR('',#3326,1.);
#3326 = DIRECTION('',(0.707106781187,-0.707106781187,0.));
#3327 = PCURVE('',#3274,#3328);
#3328 = DEFINITIONAL_REPRESENTATION('',(#3329),#3333);
#3329 = LINE('',#3330,#3331);
#3330 = CARTESIAN_POINT('',(0.,0.));
#3331 = VECTOR('',#3332,1.);
#3332 = DIRECTION('',(0.,1.));
#3333 = ( GEOMETRIC_REPRESENTATION_CONTEXT(2) 
PARAMETRIC_REPRESENTATION_CONTEXT() REPRESENTATION_CONTEXT('2D SPACE',''
  ) );
#3334 = PCURVE('',#3274,#3335);
#3335 = DEFINITIONAL_REPRESENTATION('',(#3336),#3340);
#3336 = LINE('',#3337,#3338);
#3337 = CARTESIAN_POINT('',(6.28318530718,0.));
#3338 = VECTOR('',#3339,1.);
#3339 = DIRECTION('',(0.,1.));
#3340 = ( GEOMETRIC_REPRESENTATION_CONTEXT(2) 
PARAMETRIC_REPRESENTATION_CONTEXT() REPRESENTATION_CONTEXT('2D SPACE',''
  ) );
#3341 = ORIENTED_EDGE('',*,*,#3259,.F.);
#3342 = ORIENTED_EDGE('',*,*,#3319,.F.);
#3343 = MANIFOLD_SOLID_BREP('',#3344);
#3344 = CLOSED_SHELL('',(#3345,#3463,#3541,#3590,#3637,#3697,#3704,#3759
    ));
#3345 = ADVANCED_FACE('',(#3346),#3360,.T.);
#3346 = FACE_BOUND('',#3347,.T.);
#3347 = EDGE_LOOP('',(#3348,#3383,#3409,#3437));
#3348 = ORIENTED_EDGE('',*,*,#3349,.T.);
#3349 = EDGE_CURVE('',#3350,#3352,#3354,.T.);
#3350 = VERTEX_POINT('',#3351);
#3351 = CARTESIAN_POINT('',(-10.19803902718,-30.,10.));
#3352 = VERTEX_POINT('',#3353);
#3353 = CARTESIAN_POINT('',(-10.19803902718,-25.15,10.));
#3354 = SURFACE_CURVE('',#3355,(#3359,#3371),.PCURVE_S1.);
#3355 = LINE('',#3356,#3357);
#3356 = CARTESIAN_POINT('',(-10.19803902718,-30.,10.));
#3357 = VECTOR('',#3358,1.);
#3358 = DIRECTION('',(0.,1.,0.));
#3359 = PCURVE('',#3360,#3365);
#3360 = PLANE('',#3361);
#3361 = AXIS2_PLACEMENT_3D('',#3362,#3363,#3364);
#3362 = CARTESIAN_POINT('',(-10.19803902718,0.,10.));
#3363 = DIRECTION('',(0.,0.,1.));
#3364 = DIRECTION('',(-1.,0.,0.));
#3365 = DEFINITIONAL_REPRESENTATION('',(#3366),#3370);
#3366 = LINE('',#3367,#3368);
#3367 = CARTESIAN_POINT('',(0.,30.));
#3368 = VECTOR('',#3369,1.);
#3369 = DIRECTION('',(0.,-1.));
#3370 = ( GEOMETRIC_REPRESENTATION_CONTEXT(2) 
PARAMETRIC_REPRESENTATION_CONTEXT() REPRESENTATION_CONTEXT('2D SPACE',''
  ) );
#3371 = PCURVE('',#3372,#3377);
#3372 = CYLINDRICAL_SURFACE('',#3373,10.2);
#3373 = AXIS2_PLACEMENT_3D('',#3374,#3375,#3376);
#3374 = CARTESIAN_POINT('',(0.,0.,10.2));
#3375 = DIRECTION('',(0.,-1.,0.));
#3376 = DIRECTION('',(1.,0.,0.));
#3377 = DEFINITIONAL_REPRESENTATION('',(#3378),#3382);
#3378 = LINE('',#3379,#3380);
#3379 = CARTESIAN_POINT('',(3.161201753374,30.));
#3380 = VECTOR('',#3381,1.);
#3381 = DIRECTION('',(0.,-1.));
#3382 = ( GEOMETRIC_REPRESENTATION_CONTEXT(2) 
PARAMETRIC_REPRESENTATION_CONTEXT() REPRESENTATION_CONTEXT('2D SPACE',''
  ) );
#3383 = ORIENTED_EDGE('',*,*,#3384,.F.);
#3384 = EDGE_CURVE('',#3385,#3352,#3387,.T.);
#3385 = VERTEX_POINT('',#3386);
#3386 = CARTESIAN_POINT('',(-10.7,-25.15,10.));
#3387 = SURFACE_CURVE('',#3388,(#3392,#3398),.PCURVE_S1.);
#3388 = LINE('',#3389,#3390);
#3389 = CARTESIAN_POINT('',(-10.49901951359,-25.15,10.));
#3390 = VECTOR('',#3391,1.);
#3391 = DIRECTION('',(1.,0.,-0.));
#3392 = PCURVE('',#3360,#3393);
#3393 = DEFINITIONAL_REPRESENTATION('',(#3394),#3397);
#3394 = B_SPLINE_CURVE_WITH_KNOTS('',1,(#3395,#3396),.UNSPECIFIED.,.F.,
  .F.,(2,2),(-0.200980486407,0.300980486407),.PIECEWISE_BEZIER_KNOTS.);
#3395 = CARTESIAN_POINT('',(0.501960972814,25.15));
#3396 = CARTESIAN_POINT('',(0.,25.15));
#3397 = ( GEOMETRIC_REPRESENTATION_CONTEXT(2) 
PARAMETRIC_REPRESENTATION_CONTEXT() REPRESENTATION_CONTEXT('2D SPACE',''
  ) );
#3398 = PCURVE('',#3399,#3404);
#3399 = PLANE('',#3400);
#3400 = AXIS2_PLACEMENT_3D('',#3401,#3402,#3403);
#3401 = CARTESIAN_POINT('',(-10.8,-25.15,10.2));
#3402 = DIRECTION('',(0.,-1.,0.));
#3403 = DIRECTION('',(1.,0.,0.));
#3404 = DEFINITIONAL_REPRESENTATION('',(#3405),#3408);
#3405 = B_SPLINE_CURVE_WITH_KNOTS('',1,(#3406,#3407),.UNSPECIFIED.,.F.,
  .F.,(2,2),(-0.200980486407,0.300980486407),.PIECEWISE_BEZIER_KNOTS.);
#3406 = CARTESIAN_POINT('',(1.E-01,-0.2));
#3407 = CARTESIAN_POINT('',(0.601960972814,-0.2));
#3408 = ( GEOMETRIC_REPRESENTATION_CONTEXT(2) 
PARAMETRIC_REPRESENTATION_CONTEXT() REPRESENTATION_CONTEXT('2D SPACE',''
  ) );
#3409 = ORIENTED_EDGE('',*,*,#3410,.T.);
#3410 = EDGE_CURVE('',#3385,#3411,#3413,.T.);
#3411 = VERTEX_POINT('',#3412);
#3412 = CARTESIAN_POINT('',(-10.7,-30.,10.));
#3413 = SURFACE_CURVE('',#3414,(#3418,#3425),.PCURVE_S1.);
#3414 = LINE('',#3415,#3416);
#3415 = CARTESIAN_POINT('',(-10.7,30.,10.));
#3416 = VECTOR('',#3417,1.);
#3417 = DIRECTION('',(0.,-1.,0.));
#3418 = PCURVE('',#3360,#3419);
#3419 = DEFINITIONAL_REPRESENTATION('',(#3420),#3424);
#3420 = LINE('',#3421,#3422);
#3421 = CARTESIAN_POINT('',(0.501960972814,-30.));
#3422 = VECTOR('',#3423,1.);
#3423 = DIRECTION('',(0.,1.));
#3424 = ( GEOMETRIC_REPRESENTATION_CONTEXT(2) 
PARAMETRIC_REPRESENTATION_CONTEXT() REPRESENTATION_CONTEXT('2D SPACE',''
  ) );
#3425 = PCURVE('',#3426,#3431);
#3426 = PLANE('',#3427);
#3427 = AXIS2_PLACEMENT_3D('',#3428,#3429,#3430);
#3428 = CARTESIAN_POINT('',(-10.7,0.,10.));
#3429 = DIRECTION('',(-1.,-0.,-0.));
#3430 = DIRECTION('',(0.,0.,-1.));
#3431 = DEFINITIONAL_REPRESENTATION('',(#3432),#3436);
#3432 = LINE('',#3433,#3434);
#3433 = CARTESIAN_POINT('',(0.,-30.));
#3434 = VECTOR('',#3435,1.);
#3435 = DIRECTION('',(0.,1.));
#3436 = ( GEOMETRIC_REPRESENTATION_CONTEXT(2) 
PARAMETRIC_REPRESENTATION_CONTEXT() REPRESENTATION_CONTEXT('2D SPACE',''
  ) );
#3437 = ORIENTED_EDGE('',*,*,#3438,.F.);
#3438 = EDGE_CURVE('',#3350,#3411,#3439,.T.);
#3439 = SURFACE_CURVE('',#3440,(#3444,#3451),.PCURVE_S1.);
#3440 = LINE('',#3441,#3442);
#3441 = CARTESIAN_POINT('',(-10.19803902718,-30.,10.));
#3442 = VECTOR('',#3443,1.);
#3443 = DIRECTION('',(-1.,0.,0.));
#3444 = PCURVE('',#3360,#3445);
#3445 = DEFINITIONAL_REPRESENTATION('',(#3446),#3450);
#3446 = LINE('',#3447,#3448);
#3447 = CARTESIAN_POINT('',(0.,30.));
#3448 = VECTOR('',#3449,1.);
#3449 = DIRECTION('',(1.,0.));
#3450 = ( GEOMETRIC_REPRESENTATION_CONTEXT(2) 
PARAMETRIC_REPRESENTATION_CONTEXT() REPRESENTATION_CONTEXT('2D SPACE',''
  ) );
#3451 = PCURVE('',#3452,#3457);
#3452 = PLANE('',#3453);
#3453 = AXIS2_PLACEMENT_3D('',#3454,#3455,#3456);
#3454 = CARTESIAN_POINT('',(-1.510431565487,-30.,8.83926777793));
#3455 = DIRECTION('',(0.,-1.,0.));
#3456 = DIRECTION('',(1.,0.,0.));
#3457 = DEFINITIONAL_REPRESENTATION('',(#3458),#3462);
#3458 = LINE('',#3459,#3460);
#3459 = CARTESIAN_POINT('',(-8.687607461699,1.16073222207));
#3460 = VECTOR('',#3461,1.);
#3461 = DIRECTION('',(-1.,0.));
#3462 = ( GEOMETRIC_REPRESENTATION_CONTEXT(2) 
PARAMETRIC_REPRESENTATION_CONTEXT() REPRESENTATION_CONTEXT('2D SPACE',''
  ) );
#3463 = ADVANCED_FACE('',(#3464),#3372,.T.);
#3464 = FACE_BOUND('',#3465,.T.);
#3465 = EDGE_LOOP('',(#3466,#3496,#3518,#3519));
#3466 = ORIENTED_EDGE('',*,*,#3467,.T.);
#3467 = EDGE_CURVE('',#3468,#3470,#3472,.T.);
#3468 = VERTEX_POINT('',#3469);
#3469 = CARTESIAN_POINT('',(-9.368548013477E-16,-30.,0.));
#3470 = VERTEX_POINT('',#3471);
#3471 = CARTESIAN_POINT('',(-9.368548013477E-16,-25.15,0.));
#3472 = SURFACE_CURVE('',#3473,(#3477,#3484),.PCURVE_S1.);
#3473 = LINE('',#3474,#3475);
#3474 = CARTESIAN_POINT('',(-9.368548013477E-16,-30.,0.));
#3475 = VECTOR('',#3476,1.);
#3476 = DIRECTION('',(0.,1.,0.));
#3477 = PCURVE('',#3372,#3478);
#3478 = DEFINITIONAL_REPRESENTATION('',(#3479),#3483);
#3479 = LINE('',#3480,#3481);
#3480 = CARTESIAN_POINT('',(-1.570796326795,30.));
#3481 = VECTOR('',#3482,1.);
#3482 = DIRECTION('',(0.,-1.));
#3483 = ( GEOMETRIC_REPRESENTATION_CONTEXT(2) 
PARAMETRIC_REPRESENTATION_CONTEXT() REPRESENTATION_CONTEXT('2D SPACE',''
  ) );
#3484 = PCURVE('',#3485,#3490);
#3485 = PLANE('',#3486);
#3486 = AXIS2_PLACEMENT_3D('',#3487,#3488,#3489);
#3487 = CARTESIAN_POINT('',(-10.7,0.,0.));
#3488 = DIRECTION('',(0.,0.,-1.));
#3489 = DIRECTION('',(1.,0.,0.));
#3490 = DEFINITIONAL_REPRESENTATION('',(#3491),#3495);
#3491 = LINE('',#3492,#3493);
#3492 = CARTESIAN_POINT('',(10.7,30.));
#3493 = VECTOR('',#3494,1.);
#3494 = DIRECTION('',(0.,-1.));
#3495 = ( GEOMETRIC_REPRESENTATION_CONTEXT(2) 
PARAMETRIC_REPRESENTATION_CONTEXT() REPRESENTATION_CONTEXT('2D SPACE',''
  ) );
#3496 = ORIENTED_EDGE('',*,*,#3497,.T.);
#3497 = EDGE_CURVE('',#3470,#3352,#3498,.T.);
#3498 = SURFACE_CURVE('',#3499,(#3504,#3511),.PCURVE_S1.);
#3499 = CIRCLE('',#3500,10.2);
#3500 = AXIS2_PLACEMENT_3D('',#3501,#3502,#3503);
#3501 = CARTESIAN_POINT('',(0.,-25.15,10.2));
#3502 = DIRECTION('',(0.,-1.,0.));
#3503 = DIRECTION('',(1.,0.,0.));
#3504 = PCURVE('',#3372,#3505);
#3505 = DEFINITIONAL_REPRESENTATION('',(#3506),#3510);
#3506 = LINE('',#3507,#3508);
#3507 = CARTESIAN_POINT('',(-6.28318530718,25.15));
#3508 = VECTOR('',#3509,1.);
#3509 = DIRECTION('',(1.,0.));
#3510 = ( GEOMETRIC_REPRESENTATION_CONTEXT(2) 
PARAMETRIC_REPRESENTATION_CONTEXT() REPRESENTATION_CONTEXT('2D SPACE',''
  ) );
#3511 = PCURVE('',#3399,#3512);
#3512 = DEFINITIONAL_REPRESENTATION('',(#3513),#3517);
#3513 = CIRCLE('',#3514,10.2);
#3514 = AXIS2_PLACEMENT_2D('',#3515,#3516);
#3515 = CARTESIAN_POINT('',(10.8,0.));
#3516 = DIRECTION('',(1.,0.));
#3517 = ( GEOMETRIC_REPRESENTATION_CONTEXT(2) 
PARAMETRIC_REPRESENTATION_CONTEXT() REPRESENTATION_CONTEXT('2D SPACE',''
  ) );
#3518 = ORIENTED_EDGE('',*,*,#3349,.F.);
#3519 = ORIENTED_EDGE('',*,*,#3520,.F.);
#3520 = EDGE_CURVE('',#3468,#3350,#3521,.T.);
#3521 = SURFACE_CURVE('',#3522,(#3527,#3534),.PCURVE_S1.);
#3522 = CIRCLE('',#3523,10.2);
#3523 = AXIS2_PLACEMENT_3D('',#3524,#3525,#3526);
#3524 = CARTESIAN_POINT('',(0.,-30.,10.2));
#3525 = DIRECTION('',(0.,-1.,0.));
#3526 = DIRECTION('',(1.,0.,0.));
#3527 = PCURVE('',#3372,#3528);
#3528 = DEFINITIONAL_REPRESENTATION('',(#3529),#3533);
#3529 = LINE('',#3530,#3531);
#3530 = CARTESIAN_POINT('',(-6.28318530718,30.));
#3531 = VECTOR('',#3532,1.);
#3532 = DIRECTION('',(1.,-0.));
#3533 = ( GEOMETRIC_REPRESENTATION_CONTEXT(2) 
PARAMETRIC_REPRESENTATION_CONTEXT() REPRESENTATION_CONTEXT('2D SPACE',''
  ) );
#3534 = PCURVE('',#3452,#3535);
#3535 = DEFINITIONAL_REPRESENTATION('',(#3536),#3540);
#3536 = CIRCLE('',#3537,10.2);
#3537 = AXIS2_PLACEMENT_2D('',#3538,#3539);
#3538 = CARTESIAN_POINT('',(1.510431565487,1.36073222207));
#3539 = DIRECTION('',(1.,0.));
#3540 = ( GEOMETRIC_REPRESENTATION_CONTEXT(2) 
PARAMETRIC_REPRESENTATION_CONTEXT() REPRESENTATION_CONTEXT('2D SPACE',''
  ) );
#3541 = ADVANCED_FACE('',(#3542),#3452,.T.);
#3542 = FACE_BOUND('',#3543,.T.);
#3543 = EDGE_LOOP('',(#3544,#3545,#3568,#3589));
#3544 = ORIENTED_EDGE('',*,*,#3438,.T.);
#3545 = ORIENTED_EDGE('',*,*,#3546,.T.);
#3546 = EDGE_CURVE('',#3411,#3547,#3549,.T.);
#3547 = VERTEX_POINT('',#3548);
#3548 = CARTESIAN_POINT('',(-10.7,-30.,0.));
#3549 = SURFACE_CURVE('',#3550,(#3554,#3561),.PCURVE_S1.);
#3550 = LINE('',#3551,#3552);
#3551 = CARTESIAN_POINT('',(-10.7,-30.,10.));
#3552 = VECTOR('',#3553,1.);
#3553 = DIRECTION('',(0.,0.,-1.));
#3554 = PCURVE('',#3452,#3555);
#3555 = DEFINITIONAL_REPRESENTATION('',(#3556),#3560);
#3556 = LINE('',#3557,#3558);
#3557 = CARTESIAN_POINT('',(-9.189568434513,1.16073222207));
#3558 = VECTOR('',#3559,1.);
#3559 = DIRECTION('',(0.,-1.));
#3560 = ( GEOMETRIC_REPRESENTATION_CONTEXT(2) 
PARAMETRIC_REPRESENTATION_CONTEXT() REPRESENTATION_CONTEXT('2D SPACE',''
  ) );
#3561 = PCURVE('',#3426,#3562);
#3562 = DEFINITIONAL_REPRESENTATION('',(#3563),#3567);
#3563 = LINE('',#3564,#3565);
#3564 = CARTESIAN_POINT('',(0.,30.));
#3565 = VECTOR('',#3566,1.);
#3566 = DIRECTION('',(1.,0.));
#3567 = ( GEOMETRIC_REPRESENTATION_CONTEXT(2) 
PARAMETRIC_REPRESENTATION_CONTEXT() REPRESENTATION_CONTEXT('2D SPACE',''
  ) );
#3568 = ORIENTED_EDGE('',*,*,#3569,.T.);
#3569 = EDGE_CURVE('',#3547,#3468,#3570,.T.);
#3570 = SURFACE_CURVE('',#3571,(#3575,#3582),.PCURVE_S1.);
#3571 = LINE('',#3572,#3573);
#3572 = CARTESIAN_POINT('',(-10.7,-30.,0.));
#3573 = VECTOR('',#3574,1.);
#3574 = DIRECTION('',(1.,0.,0.));
#3575 = PCURVE('',#3452,#3576);
#3576 = DEFINITIONAL_REPRESENTATION('',(#3577),#3581);
#3577 = LINE('',#3578,#3579);
#3578 = CARTESIAN_POINT('',(-9.189568434513,-8.83926777793));
#3579 = VECTOR('',#3580,1.);
#3580 = DIRECTION('',(1.,0.));
#3581 = ( GEOMETRIC_REPRESENTATION_CONTEXT(2) 
PARAMETRIC_REPRESENTATION_CONTEXT() REPRESENTATION_CONTEXT('2D SPACE',''
  ) );
#3582 = PCURVE('',#3485,#3583);
#3583 = DEFINITIONAL_REPRESENTATION('',(#3584),#3588);
#3584 = LINE('',#3585,#3586);
#3585 = CARTESIAN_POINT('',(0.,30.));
#3586 = VECTOR('',#3587,1.);
#3587 = DIRECTION('',(1.,0.));
#3588 = ( GEOMETRIC_REPRESENTATION_CONTEXT(2) 
PARAMETRIC_REPRESENTATION_CONTEXT() REPRESENTATION_CONTEXT('2D SPACE',''
  ) );
#3589 = ORIENTED_EDGE('',*,*,#3520,.T.);
#3590 = ADVANCED_FACE('',(#3591),#3426,.T.);
#3591 = FACE_BOUND('',#3592,.T.);
#3592 = EDGE_LOOP('',(#3593,#3594,#3615,#3636));
#3593 = ORIENTED_EDGE('',*,*,#3410,.F.);
#3594 = ORIENTED_EDGE('',*,*,#3595,.F.);
#3595 = EDGE_CURVE('',#3596,#3385,#3598,.T.);
#3596 = VERTEX_POINT('',#3597);
#3597 = CARTESIAN_POINT('',(-10.7,-25.15,0.));
#3598 = SURFACE_CURVE('',#3599,(#3603,#3609),.PCURVE_S1.);
#3599 = LINE('',#3600,#3601);
#3600 = CARTESIAN_POINT('',(-10.7,-25.15,10.1));
#3601 = VECTOR('',#3602,1.);
#3602 = DIRECTION('',(-0.,0.,1.));
#3603 = PCURVE('',#3426,#3604);
#3604 = DEFINITIONAL_REPRESENTATION('',(#3605),#3608);
#3605 = B_SPLINE_CURVE_WITH_KNOTS('',1,(#3606,#3607),.UNSPECIFIED.,.F.,
  .F.,(2,2),(-10.1,-0.1),.PIECEWISE_BEZIER_KNOTS.);
#3606 = CARTESIAN_POINT('',(10.,25.15));
#3607 = CARTESIAN_POINT('',(0.,25.15));
#3608 = ( GEOMETRIC_REPRESENTATION_CONTEXT(2) 
PARAMETRIC_REPRESENTATION_CONTEXT() REPRESENTATION_CONTEXT('2D SPACE',''
  ) );
#3609 = PCURVE('',#3399,#3610);
#3610 = DEFINITIONAL_REPRESENTATION('',(#3611),#3614);
#3611 = B_SPLINE_CURVE_WITH_KNOTS('',1,(#3612,#3613),.UNSPECIFIED.,.F.,
  .F.,(2,2),(-10.1,-0.1),.PIECEWISE_BEZIER_KNOTS.);
#3612 = CARTESIAN_POINT('',(1.E-01,-10.2));
#3613 = CARTESIAN_POINT('',(1.E-01,-0.2));
#3614 = ( GEOMETRIC_REPRESENTATION_CONTEXT(2) 
PARAMETRIC_REPRESENTATION_CONTEXT() REPRESENTATION_CONTEXT('2D SPACE',''
  ) );
#3615 = ORIENTED_EDGE('',*,*,#3616,.T.);
#3616 = EDGE_CURVE('',#3596,#3547,#3617,.T.);
#3617 = SURFACE_CURVE('',#3618,(#3622,#3629),.PCURVE_S1.);
#3618 = LINE('',#3619,#3620);
#3619 = CARTESIAN_POINT('',(-10.7,30.,0.));
#3620 = VECTOR('',#3621,1.);
#3621 = DIRECTION('',(0.,-1.,0.));
#3622 = PCURVE('',#3426,#3623);
#3623 = DEFINITIONAL_REPRESENTATION('',(#3624),#3628);
#3624 = LINE('',#3625,#3626);
#3625 = CARTESIAN_POINT('',(10.,-30.));
#3626 = VECTOR('',#3627,1.);
#3627 = DIRECTION('',(0.,1.));
#3628 = ( GEOMETRIC_REPRESENTATION_CONTEXT(2) 
PARAMETRIC_REPRESENTATION_CONTEXT() REPRESENTATION_CONTEXT('2D SPACE',''
  ) );
#3629 = PCURVE('',#3485,#3630);
#3630 = DEFINITIONAL_REPRESENTATION('',(#3631),#3635);
#3631 = LINE('',#3632,#3633);
#3632 = CARTESIAN_POINT('',(0.,-30.));
#3633 = VECTOR('',#3634,1.);
#3634 = DIRECTION('',(0.,1.));
#3635 = ( GEOMETRIC_REPRESENTATION_CONTEXT(2) 
PARAMETRIC_REPRESENTATION_CONTEXT() REPRESENTATION_CONTEXT('2D SPACE',''
  ) );
#3636 = ORIENTED_EDGE('',*,*,#3546,.F.);
#3637 = ADVANCED_FACE('',(#3638,#3662),#3399,.F.);
#3638 = FACE_BOUND('',#3639,.F.);
#3639 = EDGE_LOOP('',(#3640,#3641,#3642,#3661));
#3640 = ORIENTED_EDGE('',*,*,#3384,.F.);
#3641 = ORIENTED_EDGE('',*,*,#3595,.F.);
#3642 = ORIENTED_EDGE('',*,*,#3643,.F.);
#3643 = EDGE_CURVE('',#3470,#3596,#3644,.T.);
#3644 = SURFACE_CURVE('',#3645,(#3649,#3655),.PCURVE_S1.);
#3645 = LINE('',#3646,#3647);
#3646 = CARTESIAN_POINT('',(-10.75,-25.15,0.));
#3647 = VECTOR('',#3648,1.);
#3648 = DIRECTION('',(-1.,-0.,-0.));
#3649 = PCURVE('',#3399,#3650);
#3650 = DEFINITIONAL_REPRESENTATION('',(#3651),#3654);
#3651 = B_SPLINE_CURVE_WITH_KNOTS('',1,(#3652,#3653),.UNSPECIFIED.,.F.,
  .F.,(2,2),(-10.75,-5.E-02),.PIECEWISE_BEZIER_KNOTS.);
#3652 = CARTESIAN_POINT('',(10.8,-10.2));
#3653 = CARTESIAN_POINT('',(1.E-01,-10.2));
#3654 = ( GEOMETRIC_REPRESENTATION_CONTEXT(2) 
PARAMETRIC_REPRESENTATION_CONTEXT() REPRESENTATION_CONTEXT('2D SPACE',''
  ) );
#3655 = PCURVE('',#3485,#3656);
#3656 = DEFINITIONAL_REPRESENTATION('',(#3657),#3660);
#3657 = B_SPLINE_CURVE_WITH_KNOTS('',1,(#3658,#3659),.UNSPECIFIED.,.F.,
  .F.,(2,2),(-10.75,-5.E-02),.PIECEWISE_BEZIER_KNOTS.);
#3658 = CARTESIAN_POINT('',(10.7,25.15));
#3659 = CARTESIAN_POINT('',(0.,25.15));
#3660 = ( GEOMETRIC_REPRESENTATION_CONTEXT(2) 
PARAMETRIC_REPRESENTATION_CONTEXT() REPRESENTATION_CONTEXT('2D SPACE',''
  ) );
#3661 = ORIENTED_EDGE('',*,*,#3497,.T.);
#3662 = FACE_BOUND('',#3663,.F.);
#3663 = EDGE_LOOP('',(#3664));
#3664 = ORIENTED_EDGE('',*,*,#3665,.T.);
#3665 = EDGE_CURVE('',#3666,#3666,#3668,.T.);
#3666 = VERTEX_POINT('',#3667);
#3667 = CARTESIAN_POINT('',(4.1,-25.15,10.2));
#3668 = SURFACE_CURVE('',#3669,(#3674,#3685),.PCURVE_S1.);
#3669 = CIRCLE('',#3670,4.1);
#3670 = AXIS2_PLACEMENT_3D('',#3671,#3672,#3673);
#3671 = CARTESIAN_POINT('',(0.,-25.15,10.2));
#3672 = DIRECTION('',(-0.,1.,0.));
#3673 = DIRECTION('',(1.,0.,0.));
#3674 = PCURVE('',#3399,#3675);
#3675 = DEFINITIONAL_REPRESENTATION('',(#3676),#3684);
#3676 = ( BOUNDED_CURVE() B_SPLINE_CURVE(2,(#3677,#3678,#3679,#3680,
#3681,#3682,#3683),.UNSPECIFIED.,.T.,.F.) B_SPLINE_CURVE_WITH_KNOTS((1,2
    ,2,2,2,1),(-2.094395102393,0.,2.094395102393,4.188790204786,
6.28318530718,8.377580409573),.UNSPECIFIED.) CURVE() 
GEOMETRIC_REPRESENTATION_ITEM() RATIONAL_B_SPLINE_CURVE((1.,0.5,1.,0.5,
1.,0.5,1.)) REPRESENTATION_ITEM('') );
#3677 = CARTESIAN_POINT('',(14.9,0.));
#3678 = CARTESIAN_POINT('',(14.9,-7.101408311032));
#3679 = CARTESIAN_POINT('',(8.75,-3.550704155516));
#3680 = CARTESIAN_POINT('',(2.6,-1.004210375301E-15));
#3681 = CARTESIAN_POINT('',(8.75,3.550704155516));
#3682 = CARTESIAN_POINT('',(14.9,7.101408311032));
#3683 = CARTESIAN_POINT('',(14.9,0.));
#3684 = ( GEOMETRIC_REPRESENTATION_CONTEXT(2) 
PARAMETRIC_REPRESENTATION_CONTEXT() REPRESENTATION_CONTEXT('2D SPACE',''
  ) );
#3685 = PCURVE('',#3686,#3691);
#3686 = CYLINDRICAL_SURFACE('',#3687,4.1);
#3687 = AXIS2_PLACEMENT_3D('',#3688,#3689,#3690);
#3688 = CARTESIAN_POINT('',(0.,-27.98333333333,10.2));
#3689 = DIRECTION('',(0.,1.,0.));
#3690 = DIRECTION('',(1.,0.,0.));
#3691 = DEFINITIONAL_REPRESENTATION('',(#3692),#3696);
#3692 = LINE('',#3693,#3694);
#3693 = CARTESIAN_POINT('',(-6.28318530718,2.833333333333));
#3694 = VECTOR('',#3695,1.);
#3695 = DIRECTION('',(1.,-0.));
#3696 = ( GEOMETRIC_REPRESENTATION_CONTEXT(2) 
PARAMETRIC_REPRESENTATION_CONTEXT() REPRESENTATION_CONTEXT('2D SPACE',''
  ) );
#3697 = ADVANCED_FACE('',(#3698),#3485,.T.);
#3698 = FACE_BOUND('',#3699,.T.);
#3699 = EDGE_LOOP('',(#3700,#3701,#3702,#3703));
#3700 = ORIENTED_EDGE('',*,*,#3616,.F.);
#3701 = ORIENTED_EDGE('',*,*,#3643,.F.);
#3702 = ORIENTED_EDGE('',*,*,#3467,.F.);
#3703 = ORIENTED_EDGE('',*,*,#3569,.F.);
#3704 = ADVANCED_FACE('',(#3705),#3686,.T.);
#3705 = FACE_BOUND('',#3706,.F.);
#3706 = EDGE_LOOP('',(#3707,#3708,#3731,#3758));
#3707 = ORIENTED_EDGE('',*,*,#3665,.F.);
#3708 = ORIENTED_EDGE('',*,*,#3709,.T.);
#3709 = EDGE_CURVE('',#3666,#3710,#3712,.T.);
#3710 = VERTEX_POINT('',#3711);
#3711 = CARTESIAN_POINT('',(4.1,-24.65,10.2));
#3712 = SEAM_CURVE('',#3713,(#3717,#3724),.PCURVE_S1.);
#3713 = LINE('',#3714,#3715);
#3714 = CARTESIAN_POINT('',(4.1,-27.98333333333,10.2));
#3715 = VECTOR('',#3716,1.);
#3716 = DIRECTION('',(0.,1.,0.));
#3717 = PCURVE('',#3686,#3718);
#3718 = DEFINITIONAL_REPRESENTATION('',(#3719),#3723);
#3719 = LINE('',#3720,#3721);
#3720 = CARTESIAN_POINT('',(-0.,0.));
#3721 = VECTOR('',#3722,1.);
#3722 = DIRECTION('',(-0.,1.));
#3723 = ( GEOMETRIC_REPRESENTATION_CONTEXT(2) 
PARAMETRIC_REPRESENTATION_CONTEXT() REPRESENTATION_CONTEXT('2D SPACE',''
  ) );
#3724 = PCURVE('',#3686,#3725);
#3725 = DEFINITIONAL_REPRESENTATION('',(#3726),#3730);
#3726 = LINE('',#3727,#3728);
#3727 = CARTESIAN_POINT('',(-6.28318530718,0.));
#3728 = VECTOR('',#3729,1.);
#3729 = DIRECTION('',(-0.,1.));
#3730 = ( GEOMETRIC_REPRESENTATION_CONTEXT(2) 
PARAMETRIC_REPRESENTATION_CONTEXT() REPRESENTATION_CONTEXT('2D SPACE',''
  ) );
#3731 = ORIENTED_EDGE('',*,*,#3732,.F.);
#3732 = EDGE_CURVE('',#3710,#3710,#3733,.T.);
#3733 = SURFACE_CURVE('',#3734,(#3739,#3746),.PCURVE_S1.);
#3734 = CIRCLE('',#3735,4.1);
#3735 = AXIS2_PLACEMENT_3D('',#3736,#3737,#3738);
#3736 = CARTESIAN_POINT('',(0.,-24.65,10.2));
#3737 = DIRECTION('',(-0.,-1.,0.));
#3738 = DIRECTION('',(1.,-0.,0.));
#3739 = PCURVE('',#3686,#3740);
#3740 = DEFINITIONAL_REPRESENTATION('',(#3741),#3745);
#3741 = LINE('',#3742,#3743);
#3742 = CARTESIAN_POINT('',(-0.,3.333333333333));
#3743 = VECTOR('',#3744,1.);
#3744 = DIRECTION('',(-1.,0.));
#3745 = ( GEOMETRIC_REPRESENTATION_CONTEXT(2) 
PARAMETRIC_REPRESENTATION_CONTEXT() REPRESENTATION_CONTEXT('2D SPACE',''
  ) );
#3746 = PCURVE('',#3747,#3752);
#3747 = CONICAL_SURFACE('',#3748,4.1,0.785398163397);
#3748 = AXIS2_PLACEMENT_3D('',#3749,#3750,#3751);
#3749 = CARTESIAN_POINT('',(0.,-24.65,10.2));
#3750 = DIRECTION('',(-0.,-1.,-0.));
#3751 = DIRECTION('',(1.,0.,0.));
#3752 = DEFINITIONAL_REPRESENTATION('',(#3753),#3757);
#3753 = LINE('',#3754,#3755);
#3754 = CARTESIAN_POINT('',(0.,-0.));
#3755 = VECTOR('',#3756,1.);
#3756 = DIRECTION('',(1.,-0.));
#3757 = ( GEOMETRIC_REPRESENTATION_CONTEXT(2) 
PARAMETRIC_REPRESENTATION_CONTEXT() REPRESENTATION_CONTEXT('2D SPACE',''
  ) );
#3758 = ORIENTED_EDGE('',*,*,#3709,.F.);
#3759 = ADVANCED_FACE('',(#3760),#3747,.T.);
#3760 = FACE_BOUND('',#3761,.F.);
#3761 = EDGE_LOOP('',(#3762,#3763,#3786));
#3762 = ORIENTED_EDGE('',*,*,#3732,.T.);
#3763 = ORIENTED_EDGE('',*,*,#3764,.T.);
#3764 = EDGE_CURVE('',#3710,#3765,#3767,.T.);
#3765 = VERTEX_POINT('',#3766);
#3766 = CARTESIAN_POINT('',(0.,-20.55,10.2));
#3767 = SEAM_CURVE('',#3768,(#3772,#3779),.PCURVE_S1.);
#3768 = LINE('',#3769,#3770);
#3769 = CARTESIAN_POINT('',(4.1,-24.65,10.2));
#3770 = VECTOR('',#3771,1.);
#3771 = DIRECTION('',(-0.707106781187,0.707106781187,0.));
#3772 = PCURVE('',#3747,#3773);
#3773 = DEFINITIONAL_REPRESENTATION('',(#3774),#3778);
#3774 = LINE('',#3775,#3776);
#3775 = CARTESIAN_POINT('',(0.,-0.));
#3776 = VECTOR('',#3777,1.);
#3777 = DIRECTION('',(0.,-1.));
#3778 = ( GEOMETRIC_REPRESENTATION_CONTEXT(2) 
PARAMETRIC_REPRESENTATION_CONTEXT() REPRESENTATION_CONTEXT('2D SPACE',''
  ) );
#3779 = PCURVE('',#3747,#3780);
#3780 = DEFINITIONAL_REPRESENTATION('',(#3781),#3785);
#3781 = LINE('',#3782,#3783);
#3782 = CARTESIAN_POINT('',(6.28318530718,-0.));
#3783 = VECTOR('',#3784,1.);
#3784 = DIRECTION('',(0.,-1.));
#3785 = ( GEOMETRIC_REPRESENTATION_CONTEXT(2) 
PARAMETRIC_REPRESENTATION_CONTEXT() REPRESENTATION_CONTEXT('2D SPACE',''
  ) );
#3786 = ORIENTED_EDGE('',*,*,#3764,.F.);
#3787 = ( GEOMETRIC_REPRESENTATION_CONTEXT(3) 
GLOBAL_UNCERTAINTY_ASSIGNED_CONTEXT((#3791)) 
GLOBAL_UNIT_ASSIGNED_CONTEXT((#3788,#3789,#3790)) REPRESENTATION_CONTEXT
('Context #1','3D Context with UNIT and UNCERTAINTY') );
#3788 = ( LENGTH_UNIT() NAMED_UNIT(*) SI_UNIT(.MILLI.,.METRE.) );
#3789 = ( NAMED_UNIT(*) PLANE_ANGLE_UNIT() SI_UNIT($,.RADIAN.) );
#3790 = ( NAMED_UNIT(*) SI_UNIT($,.STERADIAN.) SOLID_ANGLE_UNIT() );
#3791 = UNCERTAINTY_MEASURE_WITH_UNIT(LENGTH_MEASURE(1.E-07),#3788,
  'distance_accuracy_value','confusion accuracy');
#3792 = CONTEXT_DEPENDENT_SHAPE_REPRESENTATION(#3793,#3795);
#3793 = ( REPRESENTATION_RELATIONSHIP('','',#1782,#10) 
REPRESENTATION_RELATIONSHIP_WITH_TRANSFORMATION(#3794) 
SHAPE_REPRESENTATION_RELATIONSHIP() );
#3794 = ITEM_DEFINED_TRANSFORMATION('','',#11,#19);
#3795 = PRODUCT_DEFINITION_SHAPE('Placement','Placement of an item',
  #3796);
#3796 = NEXT_ASSEMBLY_USAGE_OCCURRENCE('2','pin_side','',#5,#1777,$);
#3797 = PRODUCT_RELATED_PRODUCT_CATEGORY('part',$,(#1779));
ENDSEC;
END-ISO-10303-21;
